device,os,channel,device_os_channel_confRate
0,0,210,0.0
0,0,213,0.03681245914855485
0,0,268,0.0
0,0,347,0.0
0,21,101,0.0
0,21,213,0.04038169266166828
0,21,243,0.0
0,21,347,0.05591760034688151
0,24,101,0.0
0,24,210,0.060205999132796235
0,24,213,0.048061799739838866
0,24,268,0.0
0,24,333,0.0
0,24,343,0.03180808364797749
0,24,347,0.03427518007097959
0,29,101,0.0
0,29,210,0.0
0,29,213,0.022577249674798586
0,29,347,0.0
0,38,101,0.0
0,38,213,0.0
0,38,268,0.0
0,38,333,0.0
0,38,347,0.0
0,50,213,0.0
0,50,347,0.0
0,59,101,0.0
0,67,224,0.0
0,76,347,0.0
0,607,222,0.0
0,607,282,0.0
0,607,320,0.0
0,607,341,0.0
1,1,3,0.0
1,1,17,0.0
1,1,19,0.0
1,1,21,0.0
1,1,101,0.030102999566398118
1,1,107,0.0
1,1,110,0.0
1,1,111,0.0
1,1,115,0.0
1,1,116,0.0
1,1,121,0.0
1,1,122,0.0
1,1,124,0.0
1,1,125,0.0
1,1,128,0.013947472278925621
1,1,130,0.0
1,1,134,0.0
1,1,135,0.0
1,1,137,0.0
1,1,140,0.0
1,1,145,0.0
1,1,153,0.0
1,1,173,0.0
1,1,178,0.0
1,1,205,0.0
1,1,211,0.0
1,1,212,0.0
1,1,213,0.0
1,1,215,0.0
1,1,219,0.0
1,1,232,0.0
1,1,234,0.0
1,1,236,0.0
1,1,237,0.0
1,1,242,0.0
1,1,243,0.0
1,1,244,0.0
1,1,245,0.0
1,1,258,0.0
1,1,259,0.0
1,1,265,0.0
1,1,266,0.0
1,1,278,0.0
1,1,280,0.0
1,1,315,0.0
1,1,319,0.0
1,1,325,0.0
1,1,326,0.0
1,1,328,0.0
1,1,349,0.0
1,1,364,0.0
1,1,376,0.0
1,1,377,0.027958800173440754
1,1,379,0.0
1,1,386,0.0
1,1,400,0.0
1,1,401,0.0
1,1,402,0.0
1,1,409,0.0
1,1,412,0.0
1,1,417,0.0
1,1,424,0.0
1,1,430,0.0
1,1,435,0.0
1,1,439,0.0
1,1,442,0.0
1,1,445,0.0
1,1,452,0.0
1,1,459,0.0
1,1,463,0.0
1,1,466,0.0
1,1,467,0.0
1,1,469,0.0
1,1,477,0.0
1,1,480,0.0
1,1,481,0.0
1,1,487,0.0
1,1,489,0.0
1,1,497,0.0
1,2,3,0.0
1,2,13,0.0
1,2,19,0.0
1,2,101,0.0
1,2,107,0.0
1,2,110,0.0
1,2,111,0.0
1,2,115,0.0
1,2,116,0.0
1,2,125,0.0
1,2,128,0.0
1,2,130,0.0
1,2,134,0.0
1,2,135,0.0
1,2,137,0.0
1,2,140,0.0
1,2,145,0.0
1,2,153,0.0
1,2,173,0.0
1,2,178,0.0
1,2,182,0.0
1,2,205,0.0
1,2,213,0.0
1,2,215,0.0
1,2,219,0.0
1,2,232,0.0
1,2,234,0.0
1,2,236,0.0
1,2,244,0.0
1,2,258,0.0
1,2,259,0.0
1,2,265,0.0
1,2,266,0.0
1,2,280,0.0
1,2,315,0.0
1,2,326,0.0
1,2,349,0.0
1,2,376,0.0
1,2,379,0.0
1,2,400,0.0
1,2,409,0.0
1,2,424,0.0
1,2,430,0.0
1,2,435,0.0
1,2,439,0.0
1,2,442,0.0
1,2,452,0.0
1,2,459,0.0
1,2,463,0.0
1,2,466,0.0
1,2,469,0.0
1,2,477,0.0
1,2,478,0.0
1,2,480,0.0
1,2,481,0.0
1,2,487,0.0
1,3,3,0.0
1,3,17,0.0
1,3,19,0.0
1,3,21,0.0
1,3,30,0.0
1,3,107,0.0
1,3,110,0.0
1,3,111,0.0
1,3,113,0.0
1,3,115,0.0
1,3,116,0.0
1,3,121,0.0
1,3,122,0.0
1,3,123,0.0
1,3,124,0.0
1,3,125,0.0
1,3,128,0.0
1,3,130,0.0
1,3,134,0.0
1,3,135,0.0
1,3,137,0.0
1,3,140,0.0
1,3,145,0.0024193168609188084
1,3,150,0.0
1,3,153,0.0
1,3,173,0.0
1,3,178,0.0
1,3,205,0.0
1,3,211,0.0
1,3,212,0.0
1,3,215,0.0
1,3,219,0.0
1,3,232,0.0
1,3,234,0.0
1,3,236,0.0
1,3,237,0.0
1,3,242,0.0
1,3,243,0.0
1,3,244,0.0
1,3,245,0.0
1,3,258,0.0
1,3,259,0.0
1,3,265,0.0
1,3,266,0.0
1,3,278,0.0
1,3,280,0.0
1,3,315,0.0
1,3,319,0.0
1,3,325,0.0
1,3,326,0.0
1,3,328,0.0
1,3,343,0.0
1,3,349,0.0
1,3,364,0.0
1,3,376,0.0
1,3,377,0.0
1,3,379,0.0
1,3,386,0.0
1,3,400,0.0
1,3,401,0.0
1,3,402,0.0
1,3,409,0.0
1,3,412,0.0
1,3,417,0.0
1,3,420,0.0
1,3,424,0.0
1,3,430,0.0
1,3,435,0.0
1,3,439,0.0
1,3,442,0.0
1,3,445,0.0
1,3,446,0.0
1,3,452,0.0
1,3,459,0.0
1,3,463,0.0
1,3,466,0.0
1,3,467,0.0
1,3,469,0.0
1,3,477,0.0
1,3,478,0.0
1,3,480,0.0
1,3,481,0.0
1,3,487,0.0
1,3,489,0.0
1,3,497,0.0
1,4,3,0.0
1,4,19,0.0
1,4,107,0.0
1,4,110,0.0
1,4,111,0.0
1,4,116,0.0
1,4,121,0.0
1,4,122,0.0
1,4,125,0.0
1,4,128,0.0
1,4,130,0.0
1,4,134,0.0
1,4,135,0.0
1,4,137,0.0
1,4,140,0.0
1,4,145,0.0
1,4,153,0.0
1,4,173,0.0
1,4,178,0.0
1,4,205,0.0
1,4,211,0.0
1,4,212,0.0
1,4,215,0.0
1,4,219,0.0
1,4,232,0.0
1,4,234,0.0
1,4,237,0.0
1,4,245,0.0
1,4,259,0.0
1,4,265,0.0
1,4,266,0.0
1,4,278,0.0
1,4,280,0.0
1,4,317,0.0
1,4,319,0.0
1,4,325,0.0
1,4,328,0.0
1,4,349,0.0
1,4,364,0.0
1,4,377,0.0
1,4,379,0.0
1,4,386,0.0
1,4,400,0.0
1,4,401,0.0
1,4,412,0.0
1,4,424,0.0
1,4,435,0.0
1,4,439,0.0
1,4,442,0.0
1,4,452,0.0
1,4,459,0.0
1,4,463,0.0
1,4,469,0.0
1,4,477,0.0
1,4,478,0.0
1,4,481,0.0
1,4,489,0.0
1,5,21,0.0
1,5,121,0.0
1,5,122,0.0
1,5,125,0.0
1,5,134,0.0
1,5,137,0.0
1,5,140,0.0
1,5,145,0.0
1,5,153,0.0
1,5,205,0.0
1,5,219,0.0
1,5,232,0.0
1,5,234,0.0
1,5,259,0.0
1,5,265,0.0
1,5,278,0.0
1,5,280,0.0
1,5,315,0.0
1,5,325,0.0
1,5,409,0.0
1,5,435,0.0
1,5,439,0.0
1,5,442,0.0
1,5,452,0.0
1,5,466,0.0
1,5,477,0.0
1,5,481,0.0
1,5,489,0.0
1,6,3,0.0
1,6,17,0.0
1,6,19,0.0
1,6,21,0.06773174902439576
1,6,101,0.0
1,6,105,0.0
1,6,107,0.0
1,6,110,0.0
1,6,111,0.0
1,6,113,0.0
1,6,115,0.0
1,6,116,0.0
1,6,121,0.0
1,6,122,0.0
1,6,123,0.0
1,6,124,0.0
1,6,125,0.0
1,6,128,0.0
1,6,130,0.0
1,6,134,0.0
1,6,135,0.0
1,6,137,0.0
1,6,138,0.0
1,6,140,0.0
1,6,145,0.00396701873618601
1,6,150,0.0
1,6,153,0.0
1,6,173,0.0
1,6,178,0.0
1,6,205,0.0
1,6,211,0.0
1,6,212,0.0
1,6,213,0.0
1,6,215,0.0
1,6,219,0.013947472278925621
1,6,232,0.0
1,6,234,0.0
1,6,236,0.0
1,6,237,0.0
1,6,242,0.0
1,6,243,0.0
1,6,244,0.0
1,6,245,0.0
1,6,258,0.0
1,6,259,0.0
1,6,265,0.0
1,6,266,0.0
1,6,277,0.0
1,6,278,0.0
1,6,280,0.0
1,6,315,0.0
1,6,317,0.0
1,6,319,0.0
1,6,325,0.0
1,6,326,0.0
1,6,328,0.0
1,6,349,0.0
1,6,364,0.0
1,6,376,0.0
1,6,377,0.0
1,6,379,0.0
1,6,386,0.0
1,6,400,0.0
1,6,401,0.0
1,6,402,0.0
1,6,409,0.0
1,6,411,0.0
1,6,412,0.0
1,6,417,0.0
1,6,421,0.0
1,6,424,0.0
1,6,430,0.0
1,6,435,0.0
1,6,439,0.0
1,6,442,0.0
1,6,445,0.0
1,6,452,0.0
1,6,459,0.0
1,6,463,0.02414565828612162
1,6,466,0.0
1,6,467,0.0
1,6,469,0.0
1,6,477,0.0
1,6,478,0.0
1,6,480,0.0
1,6,481,0.0
1,6,487,0.0
1,6,489,0.0
1,6,497,0.0
1,7,17,0.0
1,7,19,0.0
1,7,107,0.0
1,7,113,0.0
1,7,115,0.0
1,7,121,0.0
1,7,125,0.0
1,7,130,0.0
1,7,134,0.0
1,7,135,0.0
1,7,140,0.0
1,7,145,0.0
1,7,150,0.0
1,7,153,0.0
1,7,212,0.0
1,7,215,0.0
1,7,219,0.0
1,7,245,0.0
1,7,258,0.0
1,7,259,0.0
1,7,265,0.0
1,7,280,0.0
1,7,315,0.0
1,7,328,0.0
1,7,364,0.0
1,7,377,0.0
1,7,379,0.0
1,7,401,0.0
1,7,409,0.0
1,7,417,0.0
1,7,424,0.0
1,7,430,0.0
1,7,435,0.0
1,7,439,0.0
1,7,442,0.0
1,7,452,0.0
1,7,459,0.0
1,7,463,0.0
1,7,469,0.0
1,7,477,0.0
1,7,480,0.0
1,7,481,0.0
1,7,497,0.0
1,8,3,0.0
1,8,13,0.0
1,8,17,0.0
1,8,19,0.0
1,8,21,0.0
1,8,101,0.03180808364797749
1,8,105,0.0
1,8,107,0.0
1,8,110,0.0
1,8,111,0.0
1,8,113,0.0
1,8,115,0.0
1,8,116,0.0
1,8,120,0.0
1,8,121,0.0
1,8,122,0.0
1,8,123,0.0
1,8,124,0.0
1,8,125,0.0
1,8,128,0.0
1,8,130,0.0
1,8,134,0.0
1,8,135,0.0
1,8,137,0.0
1,8,140,0.0
1,8,145,0.0
1,8,150,0.0
1,8,153,0.0
1,8,173,0.0
1,8,178,0.0
1,8,182,0.0
1,8,205,0.0
1,8,211,0.0
1,8,212,0.0
1,8,213,0.0
1,8,215,0.005104994137316317
1,8,219,0.0
1,8,232,0.0
1,8,234,0.0
1,8,236,0.0
1,8,237,0.0
1,8,242,0.0
1,8,243,0.0
1,8,244,0.0
1,8,245,0.0
1,8,258,0.0
1,8,259,0.0
1,8,265,0.0
1,8,266,0.0
1,8,278,0.0
1,8,280,0.0
1,8,315,0.0
1,8,317,0.0
1,8,319,0.0
1,8,325,0.0
1,8,326,0.0
1,8,328,0.0
1,8,347,0.0
1,8,349,0.0
1,8,364,0.0
1,8,371,0.0
1,8,376,0.0
1,8,377,0.0
1,8,379,0.0
1,8,386,0.0
1,8,400,0.0
1,8,401,0.0
1,8,402,0.0
1,8,409,0.0
1,8,412,0.0
1,8,417,0.0
1,8,424,0.0
1,8,430,0.0
1,8,435,0.0
1,8,439,0.0
1,8,442,0.0
1,8,445,0.0
1,8,449,0.0
1,8,451,0.0
1,8,452,0.0
1,8,456,0.0
1,8,459,0.0
1,8,463,0.0
1,8,466,0.0
1,8,467,0.0
1,8,469,0.0
1,8,477,0.0
1,8,478,0.0
1,8,480,0.0
1,8,481,0.0
1,8,487,0.0
1,8,489,0.0
1,8,497,0.0
1,8,498,0.0
1,9,3,0.0
1,9,13,0.0
1,9,19,0.0
1,9,21,0.060205999132796235
1,9,101,0.0
1,9,105,0.0
1,9,107,0.0
1,9,110,0.0
1,9,111,0.0
1,9,113,0.0
1,9,115,0.0
1,9,116,0.0
1,9,120,0.0
1,9,121,0.0
1,9,122,0.0
1,9,123,0.0
1,9,124,0.0
1,9,125,0.0
1,9,128,0.0
1,9,130,0.0
1,9,134,0.0
1,9,135,0.0
1,9,137,0.0
1,9,140,0.0
1,9,145,0.0
1,9,150,0.0
1,9,153,0.0
1,9,173,0.0
1,9,178,0.0
1,9,182,0.0
1,9,205,0.0
1,9,211,0.0
1,9,212,0.0
1,9,213,0.030102999566398118
1,9,215,0.0
1,9,219,0.0
1,9,232,0.0
1,9,234,0.0
1,9,236,0.0
1,9,237,0.0
1,9,242,0.0
1,9,243,0.0
1,9,244,0.0
1,9,245,0.0
1,9,258,0.0
1,9,259,0.0
1,9,265,0.0
1,9,266,0.0
1,9,278,0.0
1,9,280,0.0
1,9,315,0.0
1,9,319,0.0
1,9,325,0.0
1,9,326,0.0
1,9,328,0.0
1,9,347,0.0
1,9,349,0.0
1,9,364,0.0
1,9,376,0.0
1,9,377,0.0
1,9,379,0.0
1,9,386,0.0
1,9,400,0.0
1,9,401,0.0
1,9,402,0.0
1,9,409,0.0
1,9,411,0.0
1,9,412,0.0
1,9,417,0.0
1,9,424,0.0
1,9,430,0.0
1,9,435,0.0
1,9,439,0.0
1,9,442,0.0
1,9,452,0.0
1,9,459,0.0
1,9,463,0.0
1,9,466,0.0
1,9,467,0.0
1,9,469,0.0
1,9,477,0.0
1,9,478,0.0
1,9,480,0.0
1,9,481,0.0
1,9,487,0.0
1,9,489,0.0
1,9,497,0.0
1,10,3,0.0
1,10,17,0.0
1,10,19,0.0
1,10,21,0.030102999566398118
1,10,107,0.0
1,10,110,0.0
1,10,111,0.0
1,10,113,0.0
1,10,115,0.0
1,10,116,0.0
1,10,118,0.0
1,10,120,0.0
1,10,121,0.0
1,10,122,0.0
1,10,123,0.0
1,10,124,0.0
1,10,125,0.0
1,10,128,0.0
1,10,130,0.0
1,10,134,0.0017377653250491923
1,10,135,0.0
1,10,137,0.0
1,10,138,0.0
1,10,140,0.002687859326319886
1,10,145,0.0
1,10,153,0.0
1,10,160,0.0
1,10,173,0.0
1,10,178,0.0
1,10,203,0.0
1,10,205,0.0
1,10,211,0.0
1,10,212,0.0
1,10,213,0.08387640052032225
1,10,215,0.0
1,10,219,0.0
1,10,232,0.0
1,10,234,0.0
1,10,236,0.0
1,10,237,0.0
1,10,243,0.0
1,10,244,0.0
1,10,245,0.0
1,10,258,0.0
1,10,259,0.0
1,10,265,0.0
1,10,266,0.0
1,10,268,0.0
1,10,274,0.0
1,10,278,0.0
1,10,280,0.0
1,10,315,0.0
1,10,317,0.0
1,10,319,0.0
1,10,325,0.0
1,10,326,0.0
1,10,328,0.0
1,10,343,0.0
1,10,349,0.0
1,10,353,0.0
1,10,360,0.0
1,10,364,0.0
1,10,373,0.0
1,10,376,0.0
1,10,377,0.0
1,10,379,0.0
1,10,386,0.0
1,10,400,0.0
1,10,401,0.0
1,10,402,0.0
1,10,409,0.0
1,10,412,0.0
1,10,417,0.0
1,10,424,0.0
1,10,430,0.0
1,10,435,0.0
1,10,439,0.0
1,10,442,0.0
1,10,445,0.0
1,10,446,0.0
1,10,452,0.0
1,10,459,0.0
1,10,460,0.0
1,10,463,0.0
1,10,466,0.0
1,10,467,0.0
1,10,469,0.0
1,10,477,0.0
1,10,478,0.0
1,10,480,0.0
1,10,481,0.0
1,10,487,0.0
1,10,488,0.0
1,10,489,0.0
1,10,497,0.0
1,11,3,0.0
1,11,101,0.0
1,11,107,0.0
1,11,110,0.0
1,11,111,0.0
1,11,115,0.0
1,11,118,0.0
1,11,121,0.0
1,11,122,0.0
1,11,124,0.0
1,11,125,0.0
1,11,128,0.0
1,11,130,0.0
1,11,134,0.0
1,11,135,0.0
1,11,137,0.0
1,11,140,0.0
1,11,145,0.0
1,11,150,0.0
1,11,153,0.0
1,11,160,0.0
1,11,173,0.0
1,11,178,0.0
1,11,205,0.0
1,11,211,0.0
1,11,212,0.0
1,11,215,0.0
1,11,219,0.0
1,11,234,0.0
1,11,237,0.0
1,11,242,0.0
1,11,244,0.0
1,11,245,0.0
1,11,258,0.0
1,11,259,0.0
1,11,265,0.0
1,11,266,0.0
1,11,278,0.0
1,11,280,0.0
1,11,315,0.0
1,11,319,0.0
1,11,325,0.0
1,11,326,0.0
1,11,328,0.0
1,11,349,0.0
1,11,364,0.0
1,11,376,0.0
1,11,377,0.0
1,11,379,0.0
1,11,386,0.0
1,11,400,0.0
1,11,401,0.0
1,11,409,0.0
1,11,417,0.0
1,11,424,0.0
1,11,430,0.0
1,11,435,0.0
1,11,439,0.0
1,11,442,0.0
1,11,445,0.0
1,11,452,0.0
1,11,459,0.0
1,11,463,0.0
1,11,466,0.0
1,11,467,0.0
1,11,469,0.0
1,11,477,0.0
1,11,480,0.0
1,11,481,0.0
1,11,489,0.0
1,12,3,0.0
1,12,17,0.0
1,12,19,0.0
1,12,21,0.0
1,12,107,0.0
1,12,110,0.0
1,12,111,0.0
1,12,113,0.0
1,12,115,0.0
1,12,116,0.0
1,12,121,0.0
1,12,122,0.0
1,12,125,0.0
1,12,128,0.0
1,12,130,0.0
1,12,134,0.0
1,12,135,0.0
1,12,137,0.0
1,12,138,0.0
1,12,140,0.0
1,12,145,0.0
1,12,150,0.0
1,12,153,0.0
1,12,173,0.0
1,12,178,0.0
1,12,205,0.0
1,12,211,0.0
1,12,212,0.0
1,12,213,0.060205999132796235
1,12,215,0.0
1,12,219,0.0
1,12,232,0.0
1,12,234,0.0
1,12,236,0.0
1,12,237,0.0
1,12,242,0.0
1,12,243,0.0
1,12,244,0.0
1,12,245,0.0
1,12,258,0.0
1,12,259,0.0
1,12,265,0.0
1,12,266,0.0
1,12,278,0.0
1,12,280,0.0
1,12,315,0.0
1,12,317,0.0
1,12,319,0.0
1,12,325,0.0
1,12,326,0.0
1,12,328,0.0
1,12,347,0.0
1,12,349,0.0
1,12,364,0.0
1,12,376,0.0
1,12,377,0.0
1,12,379,0.0
1,12,386,0.0
1,12,400,0.0
1,12,401,0.0
1,12,409,0.0
1,12,412,0.0
1,12,417,0.0
1,12,424,0.0
1,12,430,0.0
1,12,435,0.0
1,12,439,0.0
1,12,442,0.0
1,12,445,0.0
1,12,452,0.0
1,12,459,0.0
1,12,463,0.0
1,12,466,0.0
1,12,467,0.0
1,12,469,0.0
1,12,477,0.0
1,12,478,0.0
1,12,480,0.0
1,12,481,0.0
1,12,487,0.0
1,12,489,0.0
1,13,3,0.0
1,13,13,0.0
1,13,17,0.0
1,13,19,0.0
1,13,21,0.059337362532264674
1,13,101,0.04000000000000001
1,13,105,0.0
1,13,107,0.0011705091862806627
1,13,110,0.0
1,13,111,0.0
1,13,113,0.0
1,13,115,0.0
1,13,116,0.0
1,13,120,0.0
1,13,121,0.0
1,13,122,0.00226434330139794
1,13,123,0.0
1,13,124,0.0
1,13,125,0.0
1,13,128,0.0
1,13,130,0.0
1,13,134,0.00030824928432851497
1,13,135,0.0
1,13,137,0.0
1,13,138,0.0
1,13,140,0.0
1,13,145,0.0
1,13,150,0.0
1,13,153,0.0
1,13,171,0.0
1,13,173,0.0
1,13,178,0.0
1,13,182,0.0
1,13,205,0.0
1,13,210,0.0
1,13,211,0.0
1,13,212,0.0
1,13,213,0.0784060839370454
1,13,215,0.0007092145541459976
1,13,219,0.0
1,13,232,0.0
1,13,234,0.0
1,13,236,0.0
1,13,237,0.0
1,13,242,0.0
1,13,243,0.005853540442658253
1,13,244,0.0
1,13,245,0.0
1,13,258,0.0
1,13,259,0.0
1,13,265,0.0
1,13,266,0.005927170834612145
1,13,268,0.0
1,13,272,0.0
1,13,274,0.12969187506394061
1,13,277,0.0
1,13,278,0.0
1,13,280,0.001414038278084812
1,13,282,0.0
1,13,315,0.0
1,13,317,0.017986354100793744
1,13,319,0.0
1,13,325,0.0
1,13,326,0.0
1,13,328,0.0
1,13,334,0.0
1,13,343,0.0
1,13,347,0.0
1,13,349,0.0
1,13,364,0.0
1,13,376,0.0
1,13,377,0.0
1,13,379,0.0
1,13,386,0.0
1,13,400,0.0
1,13,401,0.0
1,13,402,0.0
1,13,409,0.0
1,13,411,0.0
1,13,412,0.0
1,13,417,0.0
1,13,424,0.0
1,13,430,0.0
1,13,435,0.0
1,13,439,0.0
1,13,442,0.0009964955234524522
1,13,445,0.0
1,13,446,0.0
1,13,452,0.0
1,13,459,0.0
1,13,463,0.0
1,13,466,0.0
1,13,467,0.0
1,13,469,0.0
1,13,477,0.0
1,13,478,0.0
1,13,480,0.0
1,13,481,0.0
1,13,487,0.0
1,13,489,0.0
1,13,497,0.0
1,14,3,0.0
1,14,17,0.0
1,14,19,0.0
1,14,21,0.030102999566398118
1,14,24,0.0
1,14,101,0.0
1,14,107,0.0
1,14,110,0.0
1,14,111,0.0
1,14,113,0.0
1,14,115,0.0
1,14,116,0.0
1,14,121,0.0
1,14,122,0.0
1,14,124,0.0
1,14,125,0.0
1,14,128,0.0
1,14,130,0.0
1,14,134,0.0029487310676845927
1,14,135,0.0
1,14,137,0.0
1,14,140,0.0
1,14,145,0.0
1,14,150,0.0
1,14,153,0.0
1,14,173,0.0
1,14,178,0.0
1,14,205,0.0
1,14,211,0.0
1,14,212,0.0
1,14,213,0.0
1,14,215,0.0
1,14,219,0.0
1,14,232,0.0
1,14,234,0.0
1,14,236,0.0
1,14,237,0.0
1,14,243,0.0
1,14,244,0.0
1,14,245,0.0
1,14,258,0.0
1,14,259,0.0
1,14,265,0.0
1,14,266,0.0
1,14,278,0.0
1,14,280,0.0
1,14,315,0.0
1,14,317,0.0
1,14,319,0.0
1,14,325,0.0
1,14,326,0.0
1,14,328,0.0
1,14,349,0.0
1,14,364,0.0
1,14,376,0.0
1,14,377,0.0
1,14,379,0.0
1,14,386,0.0
1,14,400,0.0
1,14,401,0.0
1,14,402,0.0
1,14,409,0.0
1,14,412,0.0
1,14,417,0.0
1,14,424,0.0
1,14,430,0.0
1,14,435,0.0
1,14,439,0.0
1,14,442,0.0
1,14,445,0.0
1,14,452,0.0
1,14,459,0.0
1,14,463,0.0
1,14,466,0.0
1,14,469,0.0
1,14,477,0.0
1,14,478,0.0
1,14,480,0.0
1,14,481,0.0
1,14,487,0.0
1,14,489,0.0
1,14,497,0.0
1,15,3,0.0
1,15,17,0.0
1,15,19,0.0
1,15,21,0.02593837501278812
1,15,30,0.0
1,15,101,0.0
1,15,105,0.0
1,15,107,0.0
1,15,110,0.0
1,15,111,0.0
1,15,113,0.0
1,15,115,0.0
1,15,116,0.0
1,15,121,0.0
1,15,122,0.0
1,15,123,0.0
1,15,124,0.0
1,15,125,0.0
1,15,128,0.0
1,15,130,0.0
1,15,134,0.0
1,15,135,0.0
1,15,137,0.0
1,15,138,0.0
1,15,140,0.0
1,15,145,0.0
1,15,150,0.0
1,15,153,0.0
1,15,173,0.0
1,15,178,0.0
1,15,205,0.0
1,15,211,0.0
1,15,212,0.0
1,15,213,0.0
1,15,215,0.0
1,15,219,0.0
1,15,232,0.0
1,15,234,0.0
1,15,236,0.0
1,15,237,0.0
1,15,242,0.0
1,15,243,0.0
1,15,244,0.0
1,15,245,0.0
1,15,258,0.0
1,15,259,0.0
1,15,265,0.0
1,15,266,0.0
1,15,278,0.0
1,15,280,0.0
1,15,315,0.0
1,15,319,0.0
1,15,325,0.0
1,15,326,0.0
1,15,328,0.0
1,15,349,0.0
1,15,364,0.0
1,15,373,0.0
1,15,376,0.0
1,15,377,0.0
1,15,379,0.0
1,15,386,0.0
1,15,400,0.0
1,15,401,0.0
1,15,402,0.0
1,15,409,0.0
1,15,411,0.0
1,15,412,0.0
1,15,417,0.0
1,15,424,0.0
1,15,430,0.0
1,15,435,0.0
1,15,439,0.0
1,15,442,0.0
1,15,452,0.0
1,15,459,0.0
1,15,463,0.0
1,15,466,0.0
1,15,467,0.0
1,15,469,0.0
1,15,477,0.0
1,15,478,0.0
1,15,480,0.0
1,15,481,0.0
1,15,487,0.0
1,15,489,0.0
1,15,497,0.0
1,16,3,0.0
1,16,17,0.0
1,16,19,0.0
1,16,21,0.0
1,16,105,0.0
1,16,107,0.0
1,16,110,0.0
1,16,111,0.0
1,16,113,0.0
1,16,115,0.0
1,16,116,0.0
1,16,121,0.0
1,16,122,0.0
1,16,123,0.0
1,16,124,0.0
1,16,125,0.0
1,16,128,0.0
1,16,130,0.0
1,16,134,0.0
1,16,135,0.0
1,16,137,0.0
1,16,140,0.0
1,16,145,0.0029327861018850774
1,16,150,0.0
1,16,153,0.0
1,16,173,0.0
1,16,178,0.0
1,16,205,0.0
1,16,211,0.0
1,16,212,0.0
1,16,215,0.0
1,16,219,0.0
1,16,232,0.0
1,16,234,0.0
1,16,236,0.0
1,16,237,0.0
1,16,242,0.0
1,16,243,0.0
1,16,244,0.0
1,16,245,0.0
1,16,258,0.0
1,16,259,0.0
1,16,265,0.0
1,16,266,0.0
1,16,278,0.0
1,16,280,0.0
1,16,315,0.0
1,16,317,0.0
1,16,319,0.0
1,16,325,0.0
1,16,326,0.0
1,16,328,0.0
1,16,349,0.0
1,16,364,0.0
1,16,376,0.0
1,16,377,0.0
1,16,379,0.0
1,16,386,0.0
1,16,400,0.0
1,16,401,0.0
1,16,402,0.0
1,16,409,0.0
1,16,411,0.0
1,16,412,0.0
1,16,417,0.0
1,16,424,0.0
1,16,430,0.0
1,16,435,0.0
1,16,439,0.0
1,16,442,0.0
1,16,445,0.0
1,16,452,0.0
1,16,459,0.0
1,16,463,0.0
1,16,466,0.0
1,16,469,0.0
1,16,477,0.0
1,16,478,0.0
1,16,480,0.0
1,16,481,0.0
1,16,487,0.0
1,16,489,0.0
1,16,497,0.0
1,16,498,0.0
1,17,3,0.0
1,17,17,0.0
1,17,19,0.0
1,17,21,0.0
1,17,30,0.0
1,17,101,0.0
1,17,105,0.0
1,17,107,0.0
1,17,110,0.0
1,17,111,0.0
1,17,113,0.0
1,17,115,0.0
1,17,116,0.0
1,17,121,0.0
1,17,122,0.0
1,17,123,0.0
1,17,124,0.0
1,17,125,0.0
1,17,128,0.0
1,17,130,0.0
1,17,134,0.0
1,17,135,0.0
1,17,137,0.0
1,17,138,0.0
1,17,140,0.0
1,17,145,0.0
1,17,150,0.0
1,17,153,0.0
1,17,171,0.0
1,17,173,0.0
1,17,178,0.0
1,17,203,0.0
1,17,205,0.0
1,17,211,0.0
1,17,212,0.0
1,17,213,0.0
1,17,215,0.0
1,17,219,0.0
1,17,232,0.0
1,17,234,0.0
1,17,236,0.0
1,17,237,0.0
1,17,242,0.0
1,17,243,0.0
1,17,244,0.0
1,17,245,0.0
1,17,258,0.0
1,17,259,0.0
1,17,265,0.0
1,17,266,0.0
1,17,278,0.0
1,17,280,0.0
1,17,315,0.0
1,17,317,0.0
1,17,319,0.0
1,17,325,0.0
1,17,326,0.0
1,17,328,0.0
1,17,334,0.0
1,17,349,0.0
1,17,364,0.0
1,17,376,0.0
1,17,377,0.0
1,17,379,0.0
1,17,386,0.0
1,17,400,0.0
1,17,401,0.0
1,17,402,0.0
1,17,409,0.0
1,17,412,0.0
1,17,417,0.0
1,17,424,0.0
1,17,430,0.0
1,17,435,0.0
1,17,439,0.0
1,17,442,0.0
1,17,445,0.0
1,17,449,0.0
1,17,452,0.0
1,17,459,0.0
1,17,463,0.0
1,17,466,0.0
1,17,467,0.0
1,17,469,0.0
1,17,477,0.0
1,17,478,0.0
1,17,480,0.0
1,17,481,0.017986354100793744
1,17,487,0.0
1,17,489,0.0
1,17,497,0.0
1,18,3,0.0
1,18,13,0.0
1,18,15,0.0
1,18,17,0.0
1,18,19,0.0
1,18,21,0.021205389098651665
1,18,101,0.0
1,18,105,0.0
1,18,107,0.0
1,18,110,0.0
1,18,111,0.0
1,18,113,0.0
1,18,115,0.0
1,18,116,0.0
1,18,121,0.0
1,18,122,0.0
1,18,123,0.0
1,18,124,0.0
1,18,125,0.0
1,18,128,0.0
1,18,130,0.0
1,18,134,0.0
1,18,135,0.0
1,18,137,0.0
1,18,140,0.0
1,18,145,0.0009964955234524522
1,18,150,0.0
1,18,153,0.0
1,18,173,0.0
1,18,178,0.0
1,18,182,0.0
1,18,205,0.0
1,18,211,0.0
1,18,212,0.0
1,18,213,0.0
1,18,215,0.0
1,18,219,0.0
1,18,232,0.0
1,18,234,0.0
1,18,236,0.0
1,18,237,0.0
1,18,242,0.0
1,18,243,0.0
1,18,244,0.0
1,18,245,0.0
1,18,258,0.0
1,18,259,0.0
1,18,265,0.0
1,18,266,0.0
1,18,268,0.0
1,18,278,0.0
1,18,280,0.0
1,18,315,0.0
1,18,317,0.0
1,18,319,0.0
1,18,325,0.0
1,18,326,0.0
1,18,328,0.0
1,18,334,0.0
1,18,349,0.0
1,18,364,0.0
1,18,373,0.0
1,18,376,0.0
1,18,377,0.0
1,18,379,0.0
1,18,386,0.0
1,18,391,0.0
1,18,400,0.0
1,18,401,0.0
1,18,402,0.0
1,18,409,0.0
1,18,412,0.0
1,18,417,0.0
1,18,419,0.0
1,18,421,0.0
1,18,424,0.0
1,18,430,0.0
1,18,435,0.0
1,18,439,0.0
1,18,442,0.0
1,18,445,0.0
1,18,449,0.0
1,18,452,0.0
1,18,456,0.0
1,18,459,0.0
1,18,463,0.0
1,18,466,0.0
1,18,467,0.0
1,18,469,0.0
1,18,477,0.0
1,18,478,0.0
1,18,480,0.0
1,18,481,0.0
1,18,487,0.0
1,18,489,0.0
1,18,497,0.0
1,19,3,0.0
1,19,13,0.0
1,19,17,0.0
1,19,19,0.0
1,19,21,0.037777694135254836
1,19,24,0.0
1,19,101,0.060205999132796235
1,19,105,0.0
1,19,107,0.0011858199208644013
1,19,108,0.0
1,19,110,0.003232475260543151
1,19,111,0.0
1,19,113,0.017292250008525415
1,19,115,0.0
1,19,116,0.0
1,19,118,0.0
1,19,120,0.0
1,19,121,0.0
1,19,122,0.0
1,19,123,0.0
1,19,124,0.0
1,19,125,0.0
1,19,128,0.0
1,19,130,0.0
1,19,134,0.0002936587430175688
1,19,135,0.0
1,19,137,0.0
1,19,138,0.0
1,19,140,0.0014165952141374984
1,19,145,0.0019216293903654893
1,19,150,0.0
1,19,153,0.0009132228967248416
1,19,160,0.0
1,19,171,0.0
1,19,173,0.0
1,19,178,0.0
1,19,182,0.0
1,19,203,0.0
1,19,205,0.0
1,19,210,0.0
1,19,211,0.0
1,19,212,0.0
1,19,213,0.0671011204162578
1,19,215,0.0
1,19,219,0.0
1,19,232,0.0
1,19,234,0.0
1,19,236,0.0
1,19,237,0.0
1,19,242,0.0
1,19,243,0.0
1,19,244,0.0
1,19,245,0.0
1,19,258,0.0023784387798995305
1,19,259,0.0007234658892350389
1,19,265,0.0
1,19,266,0.0
1,19,268,0.030102999566398118
1,19,274,0.0
1,19,277,0.0
1,19,278,0.0
1,19,280,0.0
1,19,315,0.0
1,19,317,0.0
1,19,319,0.0
1,19,325,0.0
1,19,326,0.0
1,19,328,0.0
1,19,330,0.0
1,19,333,0.030102999566398118
1,19,334,0.0
1,19,343,0.022577249674798586
1,19,347,0.0
1,19,349,0.0
1,19,360,0.0
1,19,364,0.0
1,19,373,0.0
1,19,376,0.0
1,19,377,0.0035353604474293366
1,19,379,0.0
1,19,386,0.0
1,19,400,0.0
1,19,401,0.0034653020767460413
1,19,402,0.0
1,19,409,0.0
1,19,411,0.0
1,19,412,0.0
1,19,417,0.0
1,19,421,0.0
1,19,424,0.0
1,19,430,0.0
1,19,435,0.0
1,19,439,0.0
1,19,442,0.0009057080234300082
1,19,445,0.0
1,19,449,0.0
1,19,452,0.0
1,19,459,0.0
1,19,463,0.0
1,19,466,0.0
1,19,467,0.0
1,19,469,0.0
1,19,477,0.0
1,19,478,0.0
1,19,479,0.0
1,19,480,0.0
1,19,481,0.0
1,19,484,0.0
1,19,486,0.0
1,19,487,0.0
1,19,489,0.0
1,19,497,0.0
1,20,3,0.0
1,20,17,0.0
1,20,19,0.0
1,20,21,0.0
1,20,30,0.0
1,20,107,0.0
1,20,110,0.0
1,20,111,0.0
1,20,113,0.0
1,20,115,0.0
1,20,116,0.0
1,20,121,0.0
1,20,122,0.0
1,20,123,0.0
1,20,124,0.0
1,20,125,0.0
1,20,128,0.0
1,20,130,0.0
1,20,134,0.0
1,20,135,0.0
1,20,137,0.013460564220556092
1,20,140,0.0
1,20,145,0.0018232192756624562
1,20,150,0.0
1,20,153,0.0
1,20,173,0.0
1,20,178,0.0
1,20,203,0.0
1,20,205,0.0
1,20,210,0.0
1,20,211,0.0
1,20,212,0.0
1,20,215,0.0
1,20,219,0.0
1,20,232,0.0
1,20,234,0.0
1,20,236,0.0
1,20,237,0.0
1,20,242,0.0
1,20,243,0.0
1,20,244,0.0
1,20,245,0.0
1,20,258,0.0
1,20,259,0.0
1,20,265,0.0
1,20,266,0.0
1,20,278,0.0
1,20,280,0.0
1,20,315,0.0
1,20,319,0.0
1,20,325,0.0
1,20,326,0.0
1,20,328,0.0
1,20,343,0.0
1,20,347,0.0
1,20,349,0.0
1,20,364,0.0
1,20,371,0.0
1,20,376,0.0
1,20,377,0.0
1,20,379,0.0
1,20,400,0.0
1,20,401,0.0
1,20,402,0.0
1,20,409,0.0
1,20,411,0.0
1,20,412,0.0
1,20,417,0.0
1,20,424,0.0
1,20,430,0.0
1,20,435,0.0
1,20,439,0.015051499783199059
1,20,442,0.0
1,20,445,0.0
1,20,449,0.0
1,20,452,0.0
1,20,459,0.0
1,20,463,0.0
1,20,466,0.0
1,20,467,0.0
1,20,469,0.0
1,20,477,0.0
1,20,478,0.0
1,20,480,0.0
1,20,481,0.0
1,20,487,0.0
1,20,489,0.0
1,22,3,0.0
1,22,17,0.0
1,22,19,0.0
1,22,21,0.0
1,22,24,0.0
1,22,101,0.05591760034688151
1,22,105,0.0
1,22,107,0.0
1,22,110,0.0
1,22,111,0.0
1,22,113,0.0
1,22,115,0.0
1,22,116,0.0
1,22,121,0.0
1,22,122,0.0
1,22,123,0.0
1,22,124,0.0
1,22,125,0.0
1,22,128,0.0
1,22,130,0.0
1,22,134,0.0016933972432892834
1,22,135,0.0
1,22,137,0.0
1,22,138,0.0
1,22,140,0.0
1,22,145,0.0
1,22,150,0.0
1,22,153,0.0
1,22,173,0.0
1,22,178,0.0
1,22,205,0.0
1,22,211,0.0
1,22,212,0.0
1,22,213,0.030102999566398118
1,22,215,0.003793240705953662
1,22,219,0.0
1,22,232,0.0
1,22,234,0.0
1,22,236,0.0
1,22,237,0.0
1,22,242,0.0
1,22,243,0.0
1,22,244,0.0
1,22,245,0.0
1,22,258,0.0
1,22,259,0.0
1,22,265,0.0
1,22,266,0.0
1,22,274,0.060205999132796235
1,22,278,0.0
1,22,280,0.0
1,22,315,0.0
1,22,319,0.0
1,22,325,0.0
1,22,326,0.0
1,22,328,0.0
1,22,349,0.0
1,22,364,0.0
1,22,376,0.0
1,22,377,0.0
1,22,379,0.0
1,22,386,0.0
1,22,400,0.0
1,22,401,0.0
1,22,402,0.0
1,22,409,0.0
1,22,412,0.0
1,22,417,0.0
1,22,424,0.0
1,22,430,0.0
1,22,435,0.0
1,22,439,0.0
1,22,442,0.0
1,22,445,0.0
1,22,452,0.0
1,22,459,0.0
1,22,463,0.0
1,22,466,0.0
1,22,467,0.0
1,22,469,0.0
1,22,477,0.0
1,22,478,0.0
1,22,480,0.0
1,22,481,0.0
1,22,487,0.0
1,22,489,0.0
1,22,497,0.0
1,23,3,0.0
1,23,19,0.0
1,23,21,0.0
1,23,105,0.0
1,23,107,0.0
1,23,110,0.0
1,23,111,0.0
1,23,113,0.0
1,23,115,0.0
1,23,116,0.0
1,23,121,0.0
1,23,122,0.0
1,23,124,0.0
1,23,125,0.0
1,23,128,0.0
1,23,130,0.0
1,23,134,0.0
1,23,135,0.0
1,23,137,0.0
1,23,140,0.0
1,23,145,0.0
1,23,150,0.0
1,23,153,0.0
1,23,173,0.0
1,23,178,0.0
1,23,205,0.0
1,23,211,0.0
1,23,212,0.0
1,23,213,0.0
1,23,215,0.0
1,23,219,0.0
1,23,232,0.0
1,23,234,0.0
1,23,236,0.0
1,23,237,0.0
1,23,243,0.0
1,23,244,0.0
1,23,245,0.0
1,23,258,0.0
1,23,259,0.0
1,23,265,0.0
1,23,266,0.0
1,23,278,0.0
1,23,280,0.0
1,23,315,0.0
1,23,325,0.0
1,23,326,0.0
1,23,328,0.0
1,23,349,0.0
1,23,364,0.0
1,23,376,0.0
1,23,377,0.0
1,23,379,0.0
1,23,386,0.0
1,23,400,0.0
1,23,401,0.0
1,23,409,0.0
1,23,412,0.0
1,23,417,0.0
1,23,424,0.0
1,23,430,0.0
1,23,435,0.0
1,23,439,0.0
1,23,442,0.0
1,23,445,0.0
1,23,452,0.0
1,23,459,0.0
1,23,463,0.0
1,23,466,0.0
1,23,469,0.0
1,23,477,0.0
1,23,480,0.0
1,23,481,0.0
1,23,487,0.0
1,23,489,0.0
1,23,497,0.0
1,25,3,0.0
1,25,17,0.0
1,25,18,0.0
1,25,19,0.0
1,25,21,0.0
1,25,105,0.0
1,25,107,0.0
1,25,110,0.0
1,25,111,0.0
1,25,113,0.0
1,25,115,0.0
1,25,116,0.0
1,25,121,0.0
1,25,122,0.0
1,25,123,0.0
1,25,124,0.0
1,25,125,0.0
1,25,128,0.0
1,25,130,0.0
1,25,134,0.0
1,25,135,0.0
1,25,137,0.0
1,25,140,0.0
1,25,145,0.0
1,25,150,0.0
1,25,153,0.0
1,25,173,0.0
1,25,178,0.0
1,25,205,0.0
1,25,211,0.0
1,25,212,0.0
1,25,213,0.0
1,25,215,0.0
1,25,219,0.0
1,25,232,0.0
1,25,234,0.0
1,25,236,0.0
1,25,237,0.0
1,25,242,0.0
1,25,243,0.0
1,25,244,0.0
1,25,245,0.0
1,25,258,0.0
1,25,259,0.0
1,25,265,0.0
1,25,266,0.0
1,25,268,0.0
1,25,274,0.060205999132796235
1,25,278,0.0
1,25,280,0.0
1,25,315,0.0
1,25,319,0.0
1,25,325,0.0
1,25,326,0.0
1,25,328,0.0
1,25,343,0.0
1,25,347,0.0
1,25,349,0.0
1,25,364,0.0
1,25,376,0.0
1,25,377,0.0
1,25,379,0.0
1,25,386,0.0
1,25,400,0.0
1,25,401,0.0
1,25,402,0.0
1,25,409,0.0
1,25,412,0.0
1,25,417,0.0
1,25,424,0.0
1,25,430,0.0
1,25,435,0.0
1,25,439,0.0
1,25,442,0.0
1,25,445,0.0
1,25,452,0.0
1,25,459,0.0
1,25,463,0.0
1,25,466,0.0
1,25,467,0.0
1,25,469,0.0
1,25,477,0.0
1,25,478,0.0
1,25,480,0.0
1,25,481,0.0
1,25,487,0.0
1,25,489,0.0
1,25,497,0.0
1,26,3,0.0
1,26,19,0.0
1,26,21,0.0
1,26,105,0.0
1,26,107,0.0
1,26,110,0.0
1,26,111,0.0
1,26,113,0.0
1,26,115,0.0
1,26,116,0.0
1,26,121,0.0
1,26,122,0.0
1,26,124,0.0
1,26,125,0.0
1,26,128,0.0
1,26,130,0.0
1,26,134,0.0
1,26,137,0.0
1,26,140,0.0
1,26,145,0.0
1,26,153,0.0
1,26,173,0.0
1,26,178,0.0
1,26,205,0.0
1,26,212,0.0
1,26,215,0.0
1,26,219,0.0
1,26,232,0.0
1,26,234,0.0
1,26,236,0.0
1,26,237,0.0
1,26,245,0.0
1,26,258,0.0
1,26,259,0.0
1,26,265,0.0
1,26,266,0.0
1,26,278,0.0
1,26,280,0.0
1,26,315,0.0
1,26,319,0.0
1,26,326,0.0
1,26,328,0.0
1,26,349,0.0
1,26,364,0.0
1,26,376,0.0
1,26,377,0.0
1,26,379,0.0
1,26,386,0.0
1,26,400,0.0
1,26,402,0.0
1,26,409,0.0
1,26,412,0.0
1,26,424,0.0
1,26,430,0.0
1,26,435,0.0
1,26,439,0.0
1,26,442,0.0
1,26,445,0.0
1,26,452,0.0
1,26,459,0.0
1,26,463,0.0
1,26,466,0.0
1,26,467,0.0
1,26,469,0.0
1,26,477,0.0
1,26,480,0.0
1,26,481,0.0
1,26,487,0.0
1,26,489,0.0
1,27,3,0.0
1,27,17,0.0
1,27,105,0.0
1,27,107,0.0
1,27,110,0.0
1,27,113,0.0
1,27,115,0.0
1,27,116,0.0
1,27,121,0.0
1,27,122,0.0
1,27,124,0.0
1,27,125,0.0
1,27,128,0.0
1,27,130,0.0
1,27,134,0.0
1,27,135,0.0
1,27,137,0.0
1,27,140,0.0
1,27,145,0.0
1,27,153,0.0
1,27,173,0.0
1,27,178,0.0
1,27,205,0.0
1,27,211,0.0
1,27,212,0.0
1,27,215,0.0
1,27,219,0.0
1,27,232,0.0
1,27,234,0.0
1,27,237,0.0
1,27,244,0.0
1,27,245,0.0
1,27,258,0.0
1,27,259,0.0
1,27,265,0.0
1,27,266,0.0
1,27,278,0.0
1,27,280,0.0
1,27,315,0.0
1,27,319,0.0
1,27,325,0.0
1,27,326,0.0
1,27,328,0.0
1,27,349,0.0
1,27,364,0.0
1,27,377,0.0
1,27,379,0.0
1,27,386,0.0
1,27,400,0.0
1,27,401,0.0
1,27,402,0.0
1,27,409,0.0
1,27,412,0.0
1,27,417,0.0
1,27,424,0.0
1,27,430,0.0
1,27,435,0.0
1,27,439,0.0
1,27,442,0.0
1,27,452,0.0
1,27,459,0.0
1,27,463,0.0
1,27,466,0.0
1,27,467,0.0
1,27,469,0.0
1,27,477,0.0
1,27,480,0.0
1,27,481,0.0
1,27,489,0.0
1,28,3,0.0
1,28,17,0.0
1,28,19,0.0
1,28,107,0.0
1,28,110,0.0
1,28,111,0.0
1,28,113,0.0
1,28,115,0.0
1,28,116,0.0
1,28,121,0.0
1,28,122,0.0
1,28,123,0.0
1,28,124,0.0
1,28,125,0.0
1,28,128,0.0
1,28,130,0.0
1,28,134,0.0
1,28,135,0.0
1,28,137,0.0
1,28,140,0.0
1,28,145,0.0
1,28,153,0.0
1,28,173,0.0
1,28,178,0.0
1,28,205,0.0
1,28,211,0.0
1,28,212,0.0
1,28,215,0.0
1,28,219,0.0
1,28,232,0.0
1,28,234,0.0
1,28,237,0.0
1,28,243,0.0
1,28,244,0.0
1,28,245,0.0
1,28,258,0.0
1,28,259,0.0
1,28,265,0.0
1,28,266,0.0
1,28,278,0.0
1,28,280,0.0
1,28,317,0.0
1,28,319,0.0
1,28,326,0.0
1,28,328,0.0
1,28,343,0.0
1,28,349,0.0
1,28,364,0.0
1,28,376,0.0
1,28,377,0.0
1,28,379,0.0
1,28,386,0.0
1,28,400,0.0
1,28,401,0.0
1,28,402,0.0
1,28,409,0.0
1,28,417,0.0
1,28,424,0.0
1,28,430,0.0
1,28,435,0.0
1,28,439,0.0
1,28,442,0.0
1,28,452,0.0
1,28,459,0.0
1,28,463,0.0
1,28,466,0.0
1,28,467,0.0
1,28,469,0.0
1,28,477,0.0
1,28,480,0.0
1,28,481,0.0
1,28,487,0.0
1,28,489,0.02593837501278812
1,30,3,0.0
1,30,19,0.0
1,30,105,0.0
1,30,107,0.0
1,30,110,0.0
1,30,115,0.0
1,30,121,0.0
1,30,122,0.0
1,30,124,0.0
1,30,125,0.0
1,30,128,0.0
1,30,130,0.0
1,30,134,0.0
1,30,135,0.0
1,30,137,0.0
1,30,140,0.0
1,30,145,0.0
1,30,150,0.0
1,30,153,0.0
1,30,173,0.0
1,30,178,0.0
1,30,205,0.0
1,30,211,0.0
1,30,212,0.0
1,30,215,0.0
1,30,219,0.0
1,30,232,0.0
1,30,234,0.0
1,30,237,0.0
1,30,244,0.0
1,30,245,0.0
1,30,258,0.0
1,30,259,0.0
1,30,265,0.0
1,30,266,0.0
1,30,278,0.0
1,30,280,0.0
1,30,315,0.0
1,30,325,0.0
1,30,328,0.0
1,30,349,0.0
1,30,364,0.0
1,30,376,0.0
1,30,377,0.0
1,30,379,0.0
1,30,386,0.0
1,30,400,0.0
1,30,402,0.0
1,30,409,0.0
1,30,417,0.0
1,30,424,0.0
1,30,435,0.0
1,30,439,0.0
1,30,442,0.0
1,30,452,0.0
1,30,459,0.0
1,30,463,0.0
1,30,469,0.0
1,30,477,0.0
1,30,480,0.0
1,30,489,0.0
1,30,497,0.0
1,31,3,0.0
1,31,19,0.0
1,31,21,0.0
1,31,107,0.0
1,31,110,0.0
1,31,111,0.0
1,31,115,0.0
1,31,121,0.0
1,31,122,0.0
1,31,123,0.0
1,31,125,0.0
1,31,128,0.0
1,31,130,0.0
1,31,134,0.0
1,31,135,0.0
1,31,137,0.0
1,31,140,0.0
1,31,145,0.0
1,31,153,0.0
1,31,173,0.0
1,31,178,0.0
1,31,205,0.0
1,31,211,0.0
1,31,215,0.0
1,31,219,0.0
1,31,232,0.0
1,31,234,0.0
1,31,237,0.0
1,31,243,0.0
1,31,245,0.0
1,31,258,0.0
1,31,259,0.0
1,31,265,0.0
1,31,266,0.0
1,31,278,0.0
1,31,280,0.0
1,31,315,0.0
1,31,317,0.0
1,31,319,0.0
1,31,349,0.0
1,31,379,0.0
1,31,386,0.0
1,31,400,0.0
1,31,401,0.0
1,31,409,0.0
1,31,412,0.0
1,31,435,0.0
1,31,439,0.0
1,31,442,0.0
1,31,452,0.0
1,31,459,0.0
1,31,469,0.0
1,31,477,0.0
1,31,480,0.0
1,31,489,0.0
1,32,17,0.0
1,32,19,0.0
1,32,105,0.0
1,32,107,0.0
1,32,110,0.0
1,32,111,0.0
1,32,113,0.0
1,32,115,0.0
1,32,121,0.0
1,32,122,0.0
1,32,124,0.0
1,32,125,0.0
1,32,128,0.0
1,32,130,0.0
1,32,134,0.0
1,32,135,0.0
1,32,137,0.0
1,32,140,0.0
1,32,145,0.0
1,32,150,0.0
1,32,153,0.0
1,32,173,0.0
1,32,178,0.0
1,32,205,0.0
1,32,211,0.0
1,32,212,0.0
1,32,213,0.0
1,32,215,0.0
1,32,219,0.0
1,32,234,0.0
1,32,236,0.0
1,32,237,0.0
1,32,244,0.0
1,32,245,0.0
1,32,258,0.0
1,32,259,0.0
1,32,265,0.0
1,32,266,0.0
1,32,278,0.0
1,32,280,0.0
1,32,315,0.0
1,32,317,0.0
1,32,319,0.0
1,32,325,0.0
1,32,328,0.0
1,32,343,0.0
1,32,349,0.0
1,32,364,0.0
1,32,376,0.0
1,32,377,0.0
1,32,379,0.0
1,32,386,0.0
1,32,400,0.0
1,32,401,0.0
1,32,409,0.0
1,32,412,0.0
1,32,417,0.0
1,32,424,0.0
1,32,430,0.0
1,32,435,0.0
1,32,439,0.0
1,32,442,0.0
1,32,445,0.0
1,32,452,0.0
1,32,459,0.0
1,32,463,0.0
1,32,466,0.0
1,32,467,0.0
1,32,469,0.0
1,32,477,0.0
1,32,478,0.0
1,32,480,0.0
1,32,481,0.0
1,32,489,0.0
1,32,497,0.0
1,34,107,0.0
1,34,110,0.0
1,34,113,0.0
1,34,115,0.0
1,34,121,0.0
1,34,122,0.0
1,34,125,0.0
1,34,128,0.0
1,34,130,0.0
1,34,134,0.0
1,34,135,0.0
1,34,137,0.0
1,34,140,0.0
1,34,145,0.0
1,34,153,0.0
1,34,178,0.0
1,34,205,0.0
1,34,211,0.0
1,34,215,0.0
1,34,232,0.0
1,34,237,0.0
1,34,243,0.0
1,34,245,0.0
1,34,258,0.0
1,34,259,0.0
1,34,265,0.0
1,34,280,0.0
1,34,315,0.0
1,34,325,0.0
1,34,328,0.0
1,34,364,0.0
1,34,377,0.0
1,34,379,0.0
1,34,400,0.0
1,34,409,0.0
1,34,417,0.0
1,34,439,0.0
1,34,442,0.0
1,34,452,0.0
1,34,466,0.0
1,34,469,0.0
1,34,477,0.0
1,35,3,0.0
1,35,19,0.0
1,35,21,0.0
1,35,105,0.0
1,35,107,0.0
1,35,110,0.0
1,35,111,0.0
1,35,115,0.0
1,35,116,0.0
1,35,121,0.0
1,35,122,0.0
1,35,123,0.0
1,35,124,0.0
1,35,125,0.0
1,35,128,0.0
1,35,130,0.0
1,35,134,0.0
1,35,135,0.0
1,35,137,0.0
1,35,138,0.0
1,35,140,0.0
1,35,145,0.0
1,35,150,0.0
1,35,153,0.0
1,35,173,0.0
1,35,178,0.0
1,35,205,0.0
1,35,212,0.0
1,35,215,0.0
1,35,219,0.0
1,35,232,0.0
1,35,234,0.0
1,35,236,0.0
1,35,237,0.0
1,35,242,0.0
1,35,243,0.0
1,35,244,0.0
1,35,245,0.0
1,35,258,0.0
1,35,259,0.0
1,35,265,0.0
1,35,266,0.0
1,35,278,0.0
1,35,280,0.0
1,35,315,0.0
1,35,317,0.0
1,35,325,0.0
1,35,326,0.0
1,35,328,0.0
1,35,349,0.0
1,35,364,0.0
1,35,376,0.0
1,35,377,0.0
1,35,379,0.0
1,35,386,0.0
1,35,400,0.0
1,35,401,0.0
1,35,402,0.0
1,35,409,0.0
1,35,412,0.0
1,35,421,0.0
1,35,424,0.0
1,35,430,0.0
1,35,435,0.0
1,35,439,0.0
1,35,442,0.0
1,35,452,0.0
1,35,459,0.0
1,35,463,0.0
1,35,466,0.0
1,35,469,0.0
1,35,477,0.0
1,35,478,0.0
1,35,480,0.0
1,35,481,0.0
1,35,487,0.0
1,35,489,0.0
1,35,497,0.0
1,36,3,0.0
1,36,17,0.0
1,36,19,0.0
1,36,105,0.0
1,36,107,0.0
1,36,110,0.0
1,36,111,0.0
1,36,115,0.0
1,36,121,0.0
1,36,122,0.0
1,36,123,0.0
1,36,125,0.0
1,36,128,0.0
1,36,130,0.0
1,36,134,0.0
1,36,135,0.0
1,36,137,0.0
1,36,140,0.0
1,36,145,0.0
1,36,150,0.0
1,36,153,0.0
1,36,173,0.0
1,36,178,0.0
1,36,205,0.0
1,36,211,0.0
1,36,212,0.0
1,36,215,0.0
1,36,219,0.0
1,36,232,0.0
1,36,234,0.0
1,36,236,0.0
1,36,237,0.0
1,36,245,0.0
1,36,258,0.0
1,36,259,0.0
1,36,265,0.0
1,36,266,0.0
1,36,280,0.0
1,36,315,0.0
1,36,319,0.0
1,36,325,0.0
1,36,326,0.0
1,36,328,0.0
1,36,349,0.0
1,36,364,0.0
1,36,376,0.0
1,36,377,0.0
1,36,379,0.0
1,36,401,0.0
1,36,402,0.0
1,36,409,0.0
1,36,412,0.0
1,36,417,0.0
1,36,424,0.0
1,36,435,0.0
1,36,439,0.0
1,36,442,0.0
1,36,452,0.0
1,36,459,0.0
1,36,463,0.0
1,36,466,0.0
1,36,469,0.0
1,36,477,0.0
1,36,480,0.0
1,36,481,0.0
1,36,489,0.0
1,37,3,0.0
1,37,17,0.0
1,37,19,0.0
1,37,21,0.0
1,37,24,0.0
1,37,105,0.0
1,37,107,0.0
1,37,110,0.0
1,37,111,0.0
1,37,115,0.0
1,37,116,0.0
1,37,121,0.0
1,37,122,0.0
1,37,123,0.0
1,37,124,0.0
1,37,125,0.0
1,37,128,0.0
1,37,130,0.0
1,37,134,0.0
1,37,135,0.0
1,37,137,0.0
1,37,140,0.0
1,37,145,0.0
1,37,153,0.0
1,37,173,0.0
1,37,178,0.0
1,37,205,0.0
1,37,211,0.0
1,37,212,0.0
1,37,213,0.0
1,37,215,0.0
1,37,219,0.0
1,37,232,0.0
1,37,234,0.0
1,37,236,0.0
1,37,237,0.0
1,37,242,0.0
1,37,244,0.0
1,37,245,0.0
1,37,258,0.0
1,37,259,0.0
1,37,265,0.0
1,37,266,0.0
1,37,278,0.0
1,37,280,0.0
1,37,315,0.0
1,37,317,0.0
1,37,319,0.0
1,37,325,0.0
1,37,328,0.0
1,37,343,0.0
1,37,347,0.0
1,37,349,0.0
1,37,364,0.0
1,37,376,0.0
1,37,377,0.0
1,37,379,0.0
1,37,386,0.0
1,37,400,0.0
1,37,401,0.0
1,37,402,0.0
1,37,409,0.0
1,37,412,0.0
1,37,417,0.0
1,37,424,0.0
1,37,430,0.0
1,37,435,0.0
1,37,439,0.0
1,37,442,0.0
1,37,452,0.0
1,37,459,0.0
1,37,463,0.0
1,37,466,0.0
1,37,469,0.0
1,37,477,0.0
1,37,478,0.0
1,37,480,0.0
1,37,481,0.0
1,37,487,0.0
1,37,489,0.0
1,37,497,0.0
1,39,125,0.0
1,39,145,0.0
1,39,178,0.0
1,39,258,0.0
1,39,259,0.0
1,39,280,0.0
1,39,442,0.0
1,39,459,0.0
1,40,3,0.0
1,40,19,0.0
1,40,21,0.0
1,40,24,0.0
1,40,30,0.0
1,40,105,0.0
1,40,107,0.0
1,40,108,0.0
1,40,110,0.0
1,40,111,0.0
1,40,113,0.0
1,40,115,0.0
1,40,116,0.0
1,40,120,0.0
1,40,121,0.0
1,40,125,0.0
1,40,128,0.0
1,40,134,0.0
1,40,135,0.0
1,40,137,0.0
1,40,140,0.0
1,40,145,0.0
1,40,150,0.0
1,40,153,0.0
1,40,173,0.0
1,40,178,0.0
1,40,205,0.0
1,40,210,0.0
1,40,211,0.0
1,40,212,0.0
1,40,213,0.030102999566398118
1,40,215,0.021205389098651665
1,40,219,0.0
1,40,232,0.0
1,40,234,0.0
1,40,236,0.0
1,40,237,0.0
1,40,243,0.0
1,40,244,0.0
1,40,245,0.0
1,40,258,0.0
1,40,259,0.0
1,40,265,0.0
1,40,266,0.0
1,40,280,0.0
1,40,315,0.0
1,40,319,0.0
1,40,328,0.0
1,40,343,0.0
1,40,349,0.0
1,40,360,0.0
1,40,371,0.0
1,40,377,0.0
1,40,379,0.0
1,40,386,0.0
1,40,401,0.0
1,40,402,0.0
1,40,409,0.0
1,40,412,0.0
1,40,417,0.0
1,40,421,0.0
1,40,435,0.0
1,40,439,0.0
1,40,442,0.0
1,40,452,0.0
1,40,459,0.0
1,40,463,0.0
1,40,466,0.0
1,40,467,0.0
1,40,469,0.0
1,40,477,0.0
1,40,478,0.0
1,40,480,0.030102999566398118
1,40,481,0.0
1,40,487,0.0
1,41,3,0.0
1,41,19,0.0
1,41,21,0.0
1,41,107,0.0
1,41,110,0.0
1,41,111,0.0
1,41,113,0.0
1,41,115,0.0
1,41,116,0.0
1,41,121,0.0
1,41,122,0.0
1,41,124,0.0
1,41,125,0.0
1,41,128,0.0
1,41,130,0.0
1,41,134,0.0
1,41,135,0.0
1,41,137,0.0
1,41,140,0.0
1,41,145,0.0023585584844641504
1,41,150,0.0
1,41,153,0.0
1,41,173,0.0
1,41,178,0.0
1,41,205,0.0
1,41,211,0.0
1,41,212,0.0
1,41,213,0.060205999132796235
1,41,215,0.0
1,41,219,0.0
1,41,232,0.0
1,41,234,0.0
1,41,236,0.0
1,41,237,0.0
1,41,243,0.0
1,41,244,0.0
1,41,245,0.0
1,41,258,0.0
1,41,259,0.0
1,41,265,0.0
1,41,266,0.0
1,41,278,0.0
1,41,280,0.0
1,41,315,0.0
1,41,317,0.0
1,41,319,0.0
1,41,326,0.0
1,41,328,0.0
1,41,347,0.0
1,41,349,0.0
1,41,364,0.0
1,41,376,0.0
1,41,377,0.0
1,41,379,0.0
1,41,386,0.0
1,41,400,0.0
1,41,401,0.0
1,41,402,0.0
1,41,409,0.0
1,41,411,0.0
1,41,412,0.0
1,41,417,0.0
1,41,424,0.0
1,41,430,0.0
1,41,435,0.0
1,41,439,0.0
1,41,442,0.0
1,41,445,0.0
1,41,452,0.0
1,41,459,0.0
1,41,463,0.0
1,41,466,0.0
1,41,467,0.0
1,41,469,0.0
1,41,477,0.0
1,41,480,0.0
1,41,481,0.0
1,41,487,0.0
1,41,489,0.0
1,41,497,0.0
1,42,3,0.0
1,42,19,0.0
1,42,21,0.0
1,42,107,0.0
1,42,110,0.0
1,42,115,0.0
1,42,116,0.0
1,42,121,0.0
1,42,122,0.0
1,42,123,0.0
1,42,124,0.0
1,42,125,0.0
1,42,128,0.0
1,42,130,0.0
1,42,134,0.0
1,42,135,0.0
1,42,140,0.0
1,42,145,0.0
1,42,153,0.0
1,42,173,0.0
1,42,205,0.0
1,42,215,0.0
1,42,234,0.0
1,42,237,0.0
1,42,245,0.0
1,42,258,0.0
1,42,259,0.0
1,42,265,0.0
1,42,278,0.0
1,42,315,0.0
1,42,319,0.0
1,42,325,0.0
1,42,349,0.0
1,42,377,0.0
1,42,400,0.0
1,42,401,0.0
1,42,409,0.0
1,42,417,0.0
1,42,424,0.0
1,42,430,0.0
1,42,439,0.0
1,42,442,0.0
1,42,452,0.0
1,42,459,0.0
1,42,463,0.0
1,42,466,0.0
1,42,469,0.0
1,42,477,0.0
1,42,487,0.0
1,42,489,0.0
1,43,3,0.0
1,43,107,0.0
1,43,115,0.0
1,43,121,0.0
1,43,122,0.0
1,43,124,0.0
1,43,125,0.0
1,43,128,0.0
1,43,134,0.0
1,43,135,0.0
1,43,140,0.0
1,43,145,0.0
1,43,153,0.0
1,43,178,0.0
1,43,203,0.0
1,43,212,0.0
1,43,215,0.0
1,43,219,0.0
1,43,232,0.0
1,43,245,0.0
1,43,258,0.0
1,43,259,0.0
1,43,265,0.0
1,43,280,0.0
1,43,315,0.0
1,43,326,0.0
1,43,328,0.0
1,43,364,0.0
1,43,379,0.0
1,43,402,0.0
1,43,409,0.0
1,43,417,0.0
1,43,435,0.0
1,43,442,0.0
1,43,459,0.0
1,43,463,0.0
1,43,477,0.0
1,43,489,0.0
1,44,3,0.0
1,44,101,0.0
1,44,107,0.0
1,44,110,0.0
1,44,115,0.0
1,44,121,0.0
1,44,122,0.0
1,44,125,0.0
1,44,128,0.0
1,44,134,0.0
1,44,137,0.0
1,44,140,0.0
1,44,145,0.0
1,44,153,0.0
1,44,178,0.0
1,44,205,0.0
1,44,215,0.0
1,44,236,0.0
1,44,242,0.0
1,44,244,0.0
1,44,245,0.0
1,44,258,0.0
1,44,259,0.0
1,44,265,0.0
1,44,280,0.0
1,44,377,0.0
1,44,379,0.0
1,44,386,0.0
1,44,400,0.0
1,44,401,0.0
1,44,409,0.0
1,44,435,0.0
1,44,442,0.0
1,44,459,0.0
1,44,469,0.0
1,44,477,0.0
1,44,480,0.0
1,44,489,0.0
1,45,477,0.0
1,46,3,0.0
1,46,107,0.0
1,46,121,0.0
1,46,122,0.0
1,46,125,0.0
1,46,128,0.0
1,46,130,0.0
1,46,134,0.0
1,46,135,0.0
1,46,137,0.0
1,46,140,0.0
1,46,145,0.0
1,46,153,0.0
1,46,178,0.0
1,46,205,0.0
1,46,212,0.0
1,46,219,0.0
1,46,232,0.0
1,46,234,0.0
1,46,243,0.0
1,46,245,0.0
1,46,258,0.0
1,46,259,0.0
1,46,265,0.0
1,46,266,0.0
1,46,274,0.0
1,46,280,0.0
1,46,317,0.0
1,46,328,0.0
1,46,349,0.0
1,46,364,0.0
1,46,376,0.0
1,46,377,0.0
1,46,379,0.0
1,46,386,0.0
1,46,400,0.0
1,46,409,0.0
1,46,424,0.0
1,46,435,0.0
1,46,442,0.0
1,46,452,0.0
1,46,459,0.0
1,46,460,0.0
1,46,467,0.0
1,46,469,0.0
1,46,477,0.0
1,46,478,0.0
1,46,480,0.0
1,46,489,0.0
1,47,3,0.0
1,47,17,0.0
1,47,19,0.0
1,47,107,0.0
1,47,110,0.0
1,47,111,0.0
1,47,113,0.0
1,47,115,0.0
1,47,116,0.0
1,47,121,0.0
1,47,122,0.0
1,47,124,0.0
1,47,125,0.0
1,47,128,0.0
1,47,130,0.0
1,47,134,0.0
1,47,135,0.0
1,47,137,0.0
1,47,140,0.0
1,47,145,0.0
1,47,153,0.0
1,47,173,0.0
1,47,178,0.0
1,47,205,0.0
1,47,211,0.0
1,47,212,0.0
1,47,213,0.0
1,47,215,0.0
1,47,219,0.0
1,47,237,0.0
1,47,244,0.0
1,47,245,0.0
1,47,258,0.0
1,47,259,0.0
1,47,265,0.0
1,47,266,0.0
1,47,280,0.0
1,47,315,0.0
1,47,317,0.0
1,47,326,0.0
1,47,328,0.0
1,47,349,0.0
1,47,364,0.0
1,47,377,0.0
1,47,379,0.0
1,47,400,0.0
1,47,401,0.0
1,47,402,0.0
1,47,409,0.0
1,47,412,0.0
1,47,417,0.0
1,47,424,0.0
1,47,430,0.0
1,47,435,0.0
1,47,439,0.0
1,47,442,0.0
1,47,445,0.0
1,47,452,0.0
1,47,459,0.0
1,47,463,0.0
1,47,467,0.0
1,47,469,0.0
1,47,477,0.0
1,47,480,0.0
1,47,481,0.0
1,47,489,0.0
1,48,3,0.0
1,48,107,0.0
1,48,110,0.0
1,48,111,0.0
1,48,113,0.0
1,48,121,0.0
1,48,125,0.0
1,48,128,0.0
1,48,134,0.0
1,48,137,0.0
1,48,140,0.0
1,48,173,0.0
1,48,178,0.0
1,48,205,0.0
1,48,215,0.0
1,48,245,0.0
1,48,259,0.0
1,48,265,0.0
1,48,280,0.0
1,48,319,0.0
1,48,349,0.0
1,48,442,0.0
1,48,459,0.0
1,49,19,0.0
1,49,21,0.0
1,49,105,0.0
1,49,107,0.0
1,49,115,0.0
1,49,121,0.0
1,49,122,0.0
1,49,125,0.0
1,49,128,0.0
1,49,130,0.0
1,49,134,0.0
1,49,135,0.0
1,49,140,0.0
1,49,145,0.0
1,49,153,0.0
1,49,178,0.0
1,49,205,0.0
1,49,211,0.0
1,49,212,0.0
1,49,215,0.0
1,49,219,0.0
1,49,232,0.0
1,49,234,0.0
1,49,236,0.0
1,49,244,0.0
1,49,245,0.0
1,49,258,0.0
1,49,259,0.0
1,49,265,0.0
1,49,280,0.0
1,49,315,0.0
1,49,319,0.0
1,49,326,0.0
1,49,328,0.0
1,49,364,0.0
1,49,377,0.0
1,49,379,0.0
1,49,400,0.0
1,49,401,0.0
1,49,409,0.0
1,49,412,0.0
1,49,417,0.0
1,49,424,0.0
1,49,435,0.0
1,49,439,0.0
1,49,442,0.0
1,49,452,0.0
1,49,459,0.0
1,49,463,0.0
1,49,469,0.0
1,49,477,0.0
1,49,480,0.0
1,49,489,0.0
1,52,21,0.0
1,52,125,0.0
1,52,234,0.0
1,52,259,0.0
1,52,265,0.0
1,52,280,0.0
1,52,477,0.0
1,53,19,0.0
1,53,21,0.0
1,53,107,0.0
1,53,111,0.0
1,53,115,0.0
1,53,121,0.0
1,53,122,0.0
1,53,123,0.0
1,53,125,0.0
1,53,128,0.0
1,53,130,0.0
1,53,134,0.0
1,53,135,0.0
1,53,137,0.0
1,53,140,0.0
1,53,145,0.0
1,53,153,0.0
1,53,173,0.0
1,53,178,0.0
1,53,205,0.0
1,53,211,0.0
1,53,212,0.0
1,53,213,0.0
1,53,215,0.0
1,53,219,0.0
1,53,232,0.0
1,53,234,0.0
1,53,237,0.0
1,53,244,0.0
1,53,245,0.0
1,53,258,0.0
1,53,259,0.0
1,53,265,0.0
1,53,266,0.0
1,53,278,0.0
1,53,280,0.0
1,53,315,0.0
1,53,317,0.0
1,53,319,0.0
1,53,326,0.0
1,53,328,0.0
1,53,343,0.0
1,53,349,0.0
1,53,364,0.0
1,53,376,0.0
1,53,377,0.0
1,53,379,0.0
1,53,386,0.0
1,53,400,0.0
1,53,401,0.0
1,53,409,0.0
1,53,412,0.0
1,53,424,0.0
1,53,430,0.0
1,53,435,0.0
1,53,439,0.0
1,53,442,0.0
1,53,445,0.0
1,53,452,0.0
1,53,459,0.0
1,53,463,0.0
1,53,466,0.0
1,53,469,0.0
1,53,477,0.0
1,53,478,0.0
1,53,480,0.0
1,53,481,0.0
1,53,487,0.0
1,53,489,0.0
1,53,497,0.0
1,55,107,0.0
1,55,110,0.0
1,55,419,0.0
1,56,107,0.0
1,56,130,0.0
1,56,137,0.0
1,56,205,0.0
1,56,234,0.0
1,56,245,0.0
1,56,259,0.0
1,56,265,0.0
1,56,280,0.0
1,56,439,0.0
1,56,452,0.0
1,56,459,0.0
1,56,477,0.0
1,56,489,0.0
1,57,224,0.0
1,58,105,0.0
1,58,107,0.0
1,58,111,0.0
1,58,115,0.0
1,58,116,0.0
1,58,121,0.0
1,58,122,0.0
1,58,125,0.0
1,58,128,0.0
1,58,130,0.0
1,58,134,0.0
1,58,135,0.0
1,58,140,0.0
1,58,145,0.0
1,58,173,0.0
1,58,178,0.0
1,58,205,0.0
1,58,215,0.0
1,58,232,0.0
1,58,237,0.0
1,58,244,0.0
1,58,245,0.0
1,58,258,0.0
1,58,259,0.0
1,58,265,0.0
1,58,278,0.0
1,58,280,0.0
1,58,328,0.0
1,58,377,0.0
1,58,379,0.0
1,58,400,0.0
1,58,435,0.0
1,58,439,0.0
1,58,442,0.0
1,58,452,0.0
1,58,459,0.0
1,58,469,0.0
1,58,477,0.0
1,58,480,0.0
1,58,487,0.0
1,58,489,0.0
1,62,3,0.0
1,62,110,0.0
1,62,245,0.0
1,62,376,0.0
1,63,153,0.0
1,63,326,0.0
1,64,128,0.0
1,64,134,0.0
1,64,145,0.0
1,64,259,0.0
1,64,265,0.0
1,64,280,0.0
1,64,459,0.0
1,64,477,0.0
1,66,121,0.0
1,66,122,0.0
1,66,134,0.0
1,66,153,0.0
1,66,178,0.0
1,66,205,0.0
1,66,219,0.0
1,66,234,0.0
1,66,259,0.0
1,66,265,0.0
1,66,280,0.0
1,66,379,0.0
1,66,401,0.0
1,66,409,0.0
1,66,412,0.0
1,66,459,0.0
1,66,463,0.0
1,66,477,0.0
1,66,489,0.0
1,68,21,0.0
1,68,237,0.0
1,70,107,0.0
1,70,121,0.0
1,70,124,0.0
1,70,134,0.0
1,70,135,0.0
1,70,173,0.0
1,70,205,0.0
1,70,212,0.0
1,70,244,0.0
1,70,245,0.0
1,70,315,0.0
1,70,325,0.0
1,70,328,0.0
1,70,377,0.0
1,70,439,0.0
1,70,466,0.0
1,70,469,0.0
1,70,477,0.0
1,70,489,0.0
1,71,364,0.0
1,72,21,0.0
1,73,121,0.0
1,73,135,0.0
1,73,153,0.0
1,73,219,0.0
1,73,452,0.0
1,73,463,0.0
1,73,477,0.0
1,77,134,0.0
1,77,140,0.0
1,77,145,0.0
1,77,215,0.0
1,77,245,0.0
1,77,265,0.0
1,77,280,0.0
1,77,315,0.0
1,77,328,0.0
1,77,452,0.0
1,77,459,0.0
1,79,122,0.0
1,79,205,0.0
1,79,386,0.0
1,79,401,0.0
1,79,409,0.0
1,79,459,0.0
1,80,137,0.0
1,80,245,0.0
1,81,134,0.0
1,81,153,0.0
1,81,219,0.0
1,81,265,0.0
1,81,439,0.0
1,81,466,0.0
1,87,137,0.0
1,87,481,0.0
1,90,153,0.0
1,90,326,0.0
1,96,107,0.0
1,96,215,0.0
1,96,237,0.0
1,96,376,0.0
1,98,107,0.0
1,98,134,0.0
1,98,140,0.0
1,98,145,0.0
1,98,153,0.0
1,98,173,0.0
1,98,212,0.0
1,98,265,0.0
1,98,280,0.0
1,98,315,0.0
1,98,328,0.0
1,98,478,0.0
1,100,245,0.0
1,100,452,0.0
1,106,3,0.0
1,106,105,0.0
1,106,259,0.0
1,107,402,0.0
1,155,343,0.0
1,159,21,0.0
1,164,19,0.0
1,164,150,0.0
1,164,379,0.0
1,164,409,0.0
1,164,424,0.0
1,164,435,0.0
1,164,480,0.0
1,178,134,0.0
1,178,178,0.0
1,178,215,0.0
1,178,280,0.0
1,607,3,0.0
1,607,107,0.0
1,607,137,0.0
1,607,215,0.0
1,607,234,0.0
1,607,259,0.0
1,607,376,0.0
1,607,400,0.0
2,1,110,0.0
2,1,121,0.0
2,1,128,0.0
2,1,134,0.0
2,1,140,0.0
2,1,145,0.0
2,1,153,0.0
2,1,205,0.0
2,1,215,0.0
2,1,234,0.0
2,1,244,0.0
2,1,245,0.0
2,1,259,0.0
2,1,400,0.0
2,1,442,0.0
2,2,105,0.0
2,2,110,0.0
2,2,115,0.0
2,2,123,0.0
2,2,125,0.0
2,2,128,0.0
2,2,135,0.0
2,2,140,0.0
2,2,215,0.0
2,2,259,0.0
2,2,265,0.0
2,2,280,0.0
2,2,442,0.0
2,3,105,0.0
2,3,123,0.0
2,3,128,0.0
2,3,134,0.0
2,3,137,0.0
2,3,140,0.0
2,3,145,0.0
2,3,178,0.0
2,3,215,0.0
2,3,234,0.0
2,3,245,0.0
2,3,259,0.0
2,3,265,0.0
2,3,280,0.0
2,3,364,0.0
2,3,400,0.0
2,3,411,0.0
2,3,477,0.0
2,4,110,0.0
2,4,122,0.0
2,4,125,0.0
2,4,128,0.0
2,4,134,0.0
2,4,140,0.0
2,4,145,0.0
2,4,205,0.0
2,4,215,0.0
2,4,259,0.0
2,5,110,0.0
2,5,125,0.0
2,5,128,0.0
2,5,145,0.0
2,5,178,0.0
2,5,215,0.0
2,5,258,0.0
2,5,259,0.0
2,5,265,0.0
2,5,280,0.0
2,5,442,0.0
2,6,110,0.0
2,6,128,0.0
2,6,134,0.0
2,6,135,0.0
2,6,137,0.0
2,6,140,0.0
2,6,145,0.0
2,6,153,0.0
2,6,178,0.0
2,6,205,0.0
2,6,215,0.0
2,6,232,0.0
2,6,234,0.0
2,6,243,0.0
2,6,245,0.0
2,6,259,0.0
2,6,265,0.0
2,6,280,0.0
2,6,364,0.0
2,6,400,0.0
2,6,452,0.0
2,6,459,0.0
2,7,3,0.0
2,7,140,0.0
2,7,364,0.0
2,7,442,0.0
2,8,110,0.0
2,8,115,0.0
2,8,121,0.0
2,8,123,0.0
2,8,125,0.0
2,8,128,0.0
2,8,135,0.0
2,8,137,0.0
2,8,140,0.0
2,8,145,0.0
2,8,153,0.0
2,8,178,0.0
2,8,205,0.0
2,8,215,0.0
2,8,237,0.0
2,8,245,0.0
2,8,258,0.0
2,8,259,0.0
2,8,265,0.0
2,8,280,0.0
2,8,326,0.0
2,8,364,0.0
2,8,400,0.0
2,8,417,0.0
2,8,442,0.0
2,8,456,0.0
2,8,459,0.0
2,8,477,0.0
2,9,3,0.0
2,9,30,0.0
2,9,105,0.0
2,9,110,0.0
2,9,115,0.0
2,9,121,0.0
2,9,122,0.0
2,9,123,0.0
2,9,125,0.0
2,9,128,0.0
2,9,130,0.0
2,9,134,0.0
2,9,135,0.0
2,9,137,0.0
2,9,140,0.0
2,9,145,0.0
2,9,153,0.0
2,9,178,0.0
2,9,205,0.0
2,9,215,0.0
2,9,232,0.0
2,9,234,0.0
2,9,236,0.0
2,9,243,0.0
2,9,244,0.0
2,9,245,0.0
2,9,258,0.0
2,9,259,0.0
2,9,265,0.0
2,9,280,0.0
2,9,326,0.0
2,9,364,0.0
2,9,376,0.0
2,9,379,0.0
2,9,400,0.0
2,9,402,0.0
2,9,412,0.0
2,9,417,0.0
2,9,435,0.0
2,9,442,0.0
2,9,459,0.0
2,9,467,0.0
2,9,477,0.0
2,9,480,0.0
2,10,3,0.0
2,10,105,0.0
2,10,110,0.0
2,10,121,0.0
2,10,123,0.0
2,10,125,0.0
2,10,128,0.0
2,10,134,0.0
2,10,137,0.0
2,10,145,0.0
2,10,178,0.0
2,10,205,0.0
2,10,215,0.0
2,10,234,0.0
2,10,244,0.0
2,10,245,0.0
2,10,258,0.0
2,10,259,0.0
2,10,265,0.0
2,10,280,0.0
2,10,379,0.0
2,10,435,0.0
2,10,442,0.0
2,10,459,0.0
2,10,463,0.0
2,10,477,0.0
2,11,3,0.0
2,11,105,0.0
2,11,110,0.0
2,11,115,0.0
2,11,121,0.0
2,11,122,0.0
2,11,125,0.0
2,11,128,0.0
2,11,135,0.0
2,11,137,0.0
2,11,140,0.0
2,11,153,0.0
2,11,205,0.0
2,11,215,0.0
2,11,234,0.0
2,11,237,0.0
2,11,244,0.0
2,11,245,0.0
2,11,258,0.0
2,11,259,0.0
2,11,265,0.0
2,11,280,0.0
2,11,364,0.0
2,11,400,0.0
2,11,442,0.0
2,12,125,0.0
2,12,128,0.0
2,12,137,0.0
2,12,145,0.0
2,12,178,0.0
2,12,211,0.0
2,12,215,0.0
2,12,232,0.0
2,12,237,0.0
2,12,243,0.0
2,12,245,0.0
2,12,258,0.0
2,12,259,0.0
2,12,364,0.0
2,12,442,0.0
2,13,3,0.0
2,13,19,0.0
2,13,105,0.0
2,13,110,0.0
2,13,115,0.0
2,13,116,0.0
2,13,121,0.0
2,13,122,0.0
2,13,123,0.0
2,13,125,0.0
2,13,128,0.0
2,13,130,0.0
2,13,134,0.0
2,13,135,0.0
2,13,137,0.0
2,13,140,0.0
2,13,145,0.0
2,13,153,0.0
2,13,178,0.0
2,13,205,0.0
2,13,211,0.0
2,13,215,0.0
2,13,232,0.0
2,13,234,0.0
2,13,237,0.0
2,13,243,0.0
2,13,244,0.0
2,13,245,0.0
2,13,258,0.0
2,13,259,0.0
2,13,265,0.0
2,13,280,0.0
2,13,326,0.0
2,13,328,0.0
2,13,364,0.0
2,13,376,0.0
2,13,400,0.0
2,13,402,0.0
2,13,411,0.0
2,13,442,0.0
2,13,459,0.0
2,13,477,0.0
2,13,478,0.0
2,14,110,0.0
2,14,121,0.0
2,14,128,0.0
2,14,134,0.0
2,14,137,0.0
2,14,140,0.0
2,14,145,0.0
2,14,153,0.0
2,14,178,0.0
2,14,215,0.0
2,14,245,0.0
2,14,280,0.0
2,14,326,0.0
2,14,402,0.0
2,14,442,0.0
2,14,477,0.0
2,15,3,0.0
2,15,110,0.0
2,15,121,0.0
2,15,122,0.0
2,15,123,0.0
2,15,125,0.0
2,15,128,0.0
2,15,134,0.0
2,15,137,0.0
2,15,140,0.0
2,15,145,0.0
2,15,153,0.0
2,15,178,0.0
2,15,205,0.0
2,15,215,0.0
2,15,232,0.0
2,15,243,0.0
2,15,245,0.0
2,15,258,0.0
2,15,259,0.0
2,15,265,0.0
2,15,280,0.0
2,15,326,0.0
2,15,364,0.0
2,15,442,0.0
2,15,452,0.0
2,15,459,0.0
2,15,477,0.0
2,16,122,0.0
2,16,125,0.0
2,16,128,0.0
2,16,134,0.0
2,16,140,0.0
2,16,145,0.0
2,16,153,0.0
2,16,178,0.0
2,16,205,0.0
2,16,215,0.0
2,16,234,0.0
2,16,236,0.0
2,16,237,0.0
2,16,245,0.0
2,16,258,0.0
2,16,259,0.0
2,16,265,0.0
2,16,280,0.0
2,16,326,0.0
2,16,364,0.0
2,16,442,0.0
2,16,459,0.0
2,17,3,0.0
2,17,105,0.0
2,17,110,0.0
2,17,115,0.0
2,17,121,0.0
2,17,122,0.0
2,17,123,0.0
2,17,125,0.0
2,17,128,0.0
2,17,134,0.0
2,17,135,0.0
2,17,137,0.0
2,17,140,0.0
2,17,145,0.0
2,17,153,0.0
2,17,178,0.0
2,17,205,0.0
2,17,215,0.0
2,17,234,0.0
2,17,236,0.0
2,17,237,0.0
2,17,245,0.0
2,17,258,0.0
2,17,259,0.0
2,17,265,0.0
2,17,280,0.0
2,17,326,0.0
2,17,364,0.0
2,17,400,0.0
2,17,402,0.0
2,17,417,0.0
2,17,442,0.0
2,17,459,0.0
2,17,469,0.0
2,17,477,0.0
2,18,3,0.0
2,18,115,0.0
2,18,121,0.0
2,18,122,0.0
2,18,123,0.0
2,18,125,0.0
2,18,128,0.0
2,18,134,0.0
2,18,135,0.0
2,18,137,0.0
2,18,140,0.0
2,18,145,0.0
2,18,153,0.0
2,18,178,0.0
2,18,203,0.0
2,18,205,0.0
2,18,211,0.0
2,18,215,0.0
2,18,234,0.0
2,18,244,0.0
2,18,245,0.0
2,18,258,0.0
2,18,259,0.0
2,18,265,0.0
2,18,280,0.0
2,18,326,0.0
2,18,364,0.0
2,18,379,0.0
2,18,417,0.0
2,18,442,0.0
2,18,452,0.0
2,18,460,0.0
2,19,3,0.0
2,19,105,0.0
2,19,110,0.0
2,19,111,0.0
2,19,115,0.0
2,19,116,0.0
2,19,121,0.0
2,19,122,0.0
2,19,123,0.0
2,19,125,0.0
2,19,128,0.0
2,19,130,0.0
2,19,134,0.0
2,19,135,0.0
2,19,137,0.0
2,19,140,0.0
2,19,145,0.0
2,19,153,0.0
2,19,178,0.0
2,19,205,0.0
2,19,215,0.0
2,19,232,0.0
2,19,234,0.0
2,19,236,0.0
2,19,237,0.0
2,19,243,0.0
2,19,244,0.0
2,19,245,0.0
2,19,258,0.0
2,19,259,0.0
2,19,265,0.0
2,19,280,0.0
2,19,326,0.0
2,19,343,0.0
2,19,364,0.0
2,19,379,0.0
2,19,400,0.0
2,19,402,0.0
2,19,411,0.0
2,19,417,0.0
2,19,442,0.0
2,19,459,0.0
2,19,467,0.0
2,19,469,0.0
2,19,477,0.0
2,19,478,0.0
2,19,481,0.0
2,20,105,0.0
2,20,110,0.0
2,20,121,0.0
2,20,122,0.0
2,20,123,0.0
2,20,125,0.0
2,20,128,0.0
2,20,137,0.0
2,20,145,0.0
2,20,153,0.0
2,20,178,0.0
2,20,205,0.0
2,20,212,0.0
2,20,215,0.0
2,20,236,0.0
2,20,245,0.0
2,20,258,0.0
2,20,259,0.0
2,20,265,0.0
2,20,280,0.0
2,20,326,0.0
2,20,328,0.0
2,20,402,0.0
2,20,442,0.0
2,20,477,0.0
2,22,3,0.0
2,22,105,0.0
2,22,122,0.0
2,22,125,0.0
2,22,128,0.0
2,22,134,0.0
2,22,135,0.0
2,22,137,0.0
2,22,140,0.0
2,22,145,0.0
2,22,153,0.0
2,22,178,0.0
2,22,205,0.0
2,22,211,0.0
2,22,215,0.0
2,22,232,0.0
2,22,234,0.0
2,22,243,0.0
2,22,245,0.0
2,22,258,0.0
2,22,259,0.0
2,22,265,0.0
2,22,280,0.0
2,22,326,0.0
2,22,364,0.0
2,22,400,0.0
2,22,402,0.0
2,22,442,0.0
2,22,452,0.0
2,23,122,0.0
2,23,128,0.0
2,23,205,0.0
2,23,215,0.0
2,23,245,0.0
2,25,3,0.0
2,25,24,0.0
2,25,110,0.0
2,25,122,0.0
2,25,123,0.0
2,25,125,0.0
2,25,128,0.0
2,25,134,0.0
2,25,137,0.0
2,25,140,0.0
2,25,145,0.0
2,25,153,0.0
2,25,178,0.0
2,25,205,0.0
2,25,211,0.0
2,25,215,0.0
2,25,234,0.0
2,25,245,0.0
2,25,258,0.0
2,25,259,0.0
2,25,265,0.0
2,25,280,0.0
2,25,326,0.0
2,25,364,0.0
2,25,442,0.0
2,25,459,0.0
2,25,477,0.0
2,26,3,0.0
2,26,121,0.0
2,26,134,0.0
2,26,140,0.0
2,26,145,0.0
2,26,205,0.0
2,26,245,0.0
2,26,477,0.0
2,27,123,0.0
2,27,125,0.0
2,27,128,0.0
2,27,134,0.0
2,27,137,0.0
2,27,140,0.0
2,27,145,0.0
2,27,153,0.0
2,27,178,0.0
2,27,205,0.0
2,27,215,0.0
2,27,245,0.0
2,27,258,0.0
2,27,259,0.0
2,27,265,0.0
2,27,280,0.0
2,27,364,0.0
2,27,400,0.0
2,27,442,0.0
2,28,123,0.0
2,28,134,0.0
2,28,137,0.0
2,28,140,0.0
2,28,145,0.0
2,28,205,0.0
2,28,215,0.0
2,28,234,0.0
2,28,244,0.0
2,28,259,0.0
2,28,265,0.0
2,28,280,0.0
2,28,315,0.0
2,28,379,0.0
2,28,435,0.0
2,30,3,0.0
2,30,121,0.0
2,30,122,0.0
2,30,128,0.0
2,30,134,0.0
2,30,140,0.0
2,30,145,0.0
2,30,153,0.0
2,30,205,0.0
2,30,215,0.0
2,30,245,0.0
2,30,259,0.0
2,30,265,0.0
2,30,400,0.0
2,30,452,0.0
2,31,110,0.0
2,31,123,0.0
2,31,128,0.0
2,31,215,0.0
2,31,364,0.0
2,32,105,0.0
2,32,110,0.0
2,32,122,0.0
2,32,123,0.0
2,32,128,0.0
2,32,134,0.0
2,32,140,0.0
2,32,145,0.0
2,32,178,0.0
2,32,205,0.0
2,32,212,0.0
2,32,215,0.0
2,32,236,0.0
2,32,237,0.0
2,32,245,0.0
2,32,259,0.0
2,32,265,0.0
2,32,280,0.0
2,32,328,0.0
2,32,364,0.0
2,32,400,0.0
2,32,459,0.0
2,35,115,0.0
2,35,125,0.0
2,35,134,0.0
2,35,137,0.0
2,35,140,0.0
2,35,145,0.0
2,35,153,0.0
2,35,178,0.0
2,35,205,0.0
2,35,215,0.0
2,35,245,0.0
2,35,259,0.0
2,35,265,0.0
2,35,280,0.0
2,35,326,0.0
2,35,402,0.0
2,35,442,0.0
2,36,3,0.0
2,36,110,0.0
2,36,121,0.0
2,36,123,0.0
2,36,128,0.0
2,36,134,0.0
2,36,140,0.0
2,36,145,0.0
2,36,178,0.0
2,36,205,0.0
2,36,215,0.0
2,36,244,0.0
2,36,245,0.0
2,36,400,0.0
2,36,442,0.0
2,36,459,0.0
2,37,21,0.0
2,37,110,0.0
2,37,121,0.0
2,37,122,0.0
2,37,123,0.0
2,37,125,0.0
2,37,128,0.0
2,37,134,0.0
2,37,137,0.0
2,37,140,0.0
2,37,145,0.0
2,37,153,0.0
2,37,205,0.0
2,37,212,0.0
2,37,215,0.0
2,37,237,0.0
2,37,245,0.0
2,37,259,0.0
2,37,265,0.0
2,37,280,0.0
2,37,400,0.0
2,37,409,0.0
2,37,435,0.0
2,37,442,0.0
2,37,477,0.0
2,37,480,0.0
2,40,3,0.0
2,40,121,0.0
2,40,128,0.0
2,40,130,0.0
2,40,134,0.0
2,40,137,0.0
2,40,140,0.0
2,40,145,0.0
2,40,205,0.0
2,40,215,0.0
2,40,234,0.0
2,40,245,0.0
2,40,259,0.0
2,40,265,0.0
2,40,280,0.0
2,40,364,0.0
2,40,459,0.0
2,40,477,0.0
2,41,3,0.0
2,41,121,0.0
2,41,128,0.0
2,41,134,0.0
2,41,137,0.0
2,41,140,0.0
2,41,145,0.0
2,41,153,0.0
2,41,178,0.0
2,41,205,0.0
2,41,215,0.0
2,41,245,0.0
2,41,259,0.0
2,41,265,0.0
2,41,280,0.0
2,41,326,0.0
2,41,459,0.0
2,42,3,0.0
2,42,105,0.0
2,42,123,0.0
2,42,128,0.0
2,42,134,0.0
2,42,140,0.0
2,42,145,0.0
2,42,178,0.0
2,42,215,0.0
2,42,259,0.0
2,42,400,0.0
2,42,442,0.0
2,42,460,0.0
2,43,115,0.0
2,43,125,0.0
2,43,128,0.0
2,43,135,0.0
2,43,140,0.0
2,43,205,0.0
2,43,215,0.0
2,43,259,0.0
2,43,417,0.0
2,43,442,0.0
2,44,121,0.0
2,44,205,0.0
2,44,245,0.0
2,47,3,0.0
2,47,110,0.0
2,47,123,0.0
2,47,128,0.0
2,47,134,0.0
2,47,137,0.0
2,47,140,0.0
2,47,145,0.0
2,47,178,0.0
2,47,205,0.0
2,47,215,0.0
2,47,259,0.0
2,47,265,0.0
2,47,280,0.0
2,47,364,0.0
2,47,442,0.0
2,49,3,0.0
2,49,107,0.0
2,49,110,0.0
2,49,121,0.0
2,49,123,0.0
2,49,125,0.0
2,49,128,0.0
2,49,134,0.0
2,49,137,0.0
2,49,140,0.0
2,49,145,0.0
2,49,153,0.0
2,49,178,0.0
2,49,205,0.0
2,49,215,0.0
2,49,234,0.0
2,49,237,0.0
2,49,245,0.0
2,49,258,0.0
2,49,259,0.0
2,49,326,0.0
2,49,364,0.0
2,49,402,0.0
2,49,442,0.0
2,49,469,0.0
2,49,477,0.0
2,52,110,0.0
2,52,123,0.0
2,52,140,0.0
2,52,215,0.0
2,52,477,0.0
2,53,3,0.0
2,53,110,0.0
2,53,128,0.0
2,53,130,0.0
2,53,137,0.0
2,53,205,0.0
2,53,215,0.0
2,53,245,0.0
2,53,364,0.0
2,55,105,0.0
2,56,105,0.0
2,56,107,0.0
2,56,121,0.0
2,56,128,0.0
2,56,215,0.0
2,56,245,0.0
2,56,259,0.0
2,56,265,0.0
2,56,364,0.0
2,56,477,0.0
2,58,123,0.0
2,58,125,0.0
2,58,128,0.0
2,58,134,0.0
2,58,140,0.0
2,58,145,0.0
2,58,178,0.0
2,58,215,0.0
2,58,237,0.0
2,58,244,0.0
2,58,258,0.0
2,58,259,0.0
2,58,402,0.0
2,58,442,0.0
2,60,3,0.0
2,60,205,0.0
2,60,259,0.0
2,60,265,0.0
2,60,280,0.0
2,63,121,0.0
2,63,125,0.0
2,63,128,0.0
2,63,145,0.0
2,63,178,0.0
2,63,205,0.0
2,63,244,0.0
2,63,245,0.0
2,63,258,0.0
2,63,259,0.0
2,63,442,0.0
2,64,3,0.0
2,64,128,0.0
2,64,234,0.0
2,64,259,0.0
2,65,3,0.0
2,65,121,0.0
2,65,122,0.0
2,65,123,0.0
2,65,128,0.0
2,65,137,0.0
2,65,153,0.0
2,65,205,0.0
2,65,212,0.0
2,65,215,0.0
2,65,219,0.0
2,65,234,0.0
2,65,237,0.0
2,65,245,0.0
2,65,259,0.0
2,65,278,0.0
2,65,326,0.0
2,65,328,0.0
2,66,123,0.0
2,66,128,0.0
2,66,215,0.0
2,66,234,0.0
2,66,244,0.0
2,66,259,0.0
2,66,265,0.0
2,66,280,0.0
2,66,459,0.0
2,70,121,0.0
2,70,244,0.0
2,70,245,0.0
2,70,477,0.0
2,73,128,0.0
2,73,134,0.0
2,73,140,0.0
2,73,145,0.0
2,73,215,0.0
2,74,234,0.0
2,74,259,0.0
2,77,3,0.0
2,77,128,0.0
2,77,215,0.0
2,77,245,0.0
2,77,259,0.0
2,79,3,0.0
2,79,123,0.0
2,79,128,0.0
2,79,153,0.0
2,79,215,0.0
2,79,234,0.0
2,79,244,0.0
2,79,259,0.0
2,79,268,0.0
2,79,326,0.0
2,79,477,0.0
2,80,121,0.0
2,80,245,0.0
2,85,3,0.0
2,86,245,0.0
2,88,137,0.0
2,88,245,0.0
2,88,259,0.0
2,90,111,0.0
2,90,123,0.0
2,90,125,0.0
2,90,128,0.0
2,90,145,0.0
2,90,153,0.0
2,90,173,0.0
2,90,178,0.0
2,90,234,0.0
2,90,258,0.0
2,90,259,0.0
2,90,326,0.0
2,90,379,0.0
2,90,442,0.0
2,90,469,0.0
2,92,364,0.0
2,96,364,0.0
2,97,121,0.0
2,97,128,0.0
2,97,130,0.0
2,97,137,0.0
2,97,205,0.0
2,97,215,0.0
2,97,245,0.0
2,97,364,0.0
2,97,452,0.0
2,100,115,0.0
2,100,128,0.0
2,100,137,0.0
2,100,215,0.0
2,100,259,0.0
2,100,280,0.0
2,100,409,0.0
2,111,153,0.0
2,111,326,0.0
2,112,128,0.0
2,112,259,0.0
2,145,205,0.0
2,145,402,0.0
2,607,128,0.0
2,607,178,0.0
2,607,215,0.0
2,607,259,0.0
2,607,400,0.0
16,0,213,0.0
18,0,213,0.0
21,24,213,0.06361616729595498
29,24,213,0.0
30,0,282,0.0
33,29,213,0.030102999566398118
37,24,213,0.0
40,24,213,0.0
40,24,282,0.0
46,0,213,0.0
46,0,282,0.0
49,21,213,0.0
49,21,333,0.0
51,29,320,0.0
56,24,213,0.0
59,3,140,0.0
59,3,153,0.0
59,3,442,0.0
59,8,134,0.0
59,8,140,0.0
59,8,145,0.0
59,8,280,0.0
59,9,145,0.0
59,10,477,0.0
59,11,245,0.0
59,12,215,0.0
59,13,259,0.0
59,13,477,0.0
59,16,130,0.0
59,16,245,0.0
59,28,215,0.0
61,21,320,0.0
67,24,213,0.0
73,24,213,0.0
88,24,213,0.0
90,24,213,0.0
93,0,213,0.0
95,21,213,0.0
100,67,224,0.0
107,59,347,0.0
109,29,213,0.0
114,0,333,0.0
154,50,213,0.0
184,21,320,0.0
190,24,320,0.0
208,0,213,0.0
211,29,213,0.030102999566398118
212,21,101,0.0
220,21,213,0.0
230,24,320,0.0
251,29,213,0.03180808364797749
263,21,101,0.0
276,38,213,0.030102999566398118
305,76,320,0.0
343,0,213,0.0
362,0,320,0.0
374,29,320,0.0
379,24,213,0.0
387,0,213,0.0
405,21,320,0.0
417,24,213,0.0
486,24,213,0.0
501,38,101,0.0
537,38,320,0.0
558,29,213,0.0
629,24,320,0.0
657,24,213,0.0
685,38,213,0.030102999566398118
737,29,213,0.0
1080,24,213,0.0
1214,24,222,0.0
1532,0,213,0.030102999566398118
2706,0,282,0.0
3032,607,101,0.0
3032,607,107,0.0
3032,607,171,0.0
3032,607,210,0.0
3032,607,213,0.0
3032,607,333,0.0
3032,607,347,0.0
3032,607,419,0.0
3032,607,420,0.0
3032,607,451,0.0
3032,607,465,0.0
3032,607,469,0.0
