,mean_fit_time,mean_score_time,mean_test_score,param_colsample_bytree,param_learning_rate,param_max_bin,param_max_depth,param_min_child_samples,param_min_child_weight,param_n_estimators,param_num_leaves,param_reg_alpha,param_reg_lambda,param_scale_pos_weight,param_subsample,param_subsample_for_bin,param_subsample_freq,params,rank_test_score,split0_test_score,split1_test_score,split2_test_score,std_fit_time,std_score_time,std_test_score
0,0.43358596165974933,0.032665650049845375,0.5,0.4160029192647807,0.28539836866041823,940,18,136,4,68,76,5.497557739289786e-07,0.05936070635912049,0.060830282487222144,0.13556548021189216,171234,6,"{'colsample_bytree': 0.4160029192647807, 'learning_rate': 0.28539836866041823, 'max_bin': 940, 'max_depth': 18, 'min_child_samples': 136, 'min_child_weight': 4, 'n_estimators': 68, 'num_leaves': 76, 'reg_alpha': 5.497557739289786e-07, 'reg_lambda': 0.05936070635912049, 'scale_pos_weight': 0.060830282487222144, 'subsample': 0.13556548021189216, 'subsample_for_bin': 171234, 'subsample_freq': 6}",1,0.5,0.5,0.5,0.03085231188867366,0.006357543465053832,0.0
1,0.38761313756306964,0.01986543337504069,0.5,0.8390144719977516,0.5842928269761146,373,48,174,1,57,40,0.0005266983003701547,276.5424475574225,0.3016410771843142,0.9923710598637134,406716,4,"{'colsample_bytree': 0.8390144719977516, 'learning_rate': 0.5842928269761146, 'max_bin': 373, 'max_depth': 48, 'min_child_samples': 174, 'min_child_weight': 1, 'n_estimators': 57, 'num_leaves': 40, 'reg_alpha': 0.0005266983003701547, 'reg_lambda': 276.5424475574225, 'scale_pos_weight': 0.3016410771843142, 'subsample': 0.9923710598637134, 'subsample_for_bin': 406716, 'subsample_freq': 4}",1,0.5,0.5,0.5,0.024280539513454748,0.003337689998999885,0.0
2,0.4233720302581787,0.034337917963663735,0.5857293839481581,0.4503841871781403,0.6877728743793542,194,23,42,5,58,77,0.00010376808625045426,476.96194787286544,1.3165669602830552,0.387658500562527,179142,5,"{'colsample_bytree': 0.4503841871781403, 'learning_rate': 0.6877728743793542, 'max_bin': 194, 'max_depth': 23, 'min_child_samples': 42, 'min_child_weight': 5, 'n_estimators': 58, 'num_leaves': 77, 'reg_alpha': 0.00010376808625045426, 'reg_lambda': 476.96194787286544, 'scale_pos_weight': 1.3165669602830552, 'subsample': 0.387658500562527, 'subsample_for_bin': 179142, 'subsample_freq': 5}",1,0.5,0.7571907237517118,0.5,0.010609526831981296,0.008550590339778725,0.1212405667764897
3,0.40558401743570965,0.01960102717081706,0.5,0.8142720284737898,0.022066991249460103,638,41,107,1,88,88,0.1611980387486336,4.3806965488564525e-05,0.0009365503147654213,0.8391548832503206,344173,0,"{'colsample_bytree': 0.8142720284737898, 'learning_rate': 0.022066991249460103, 'max_bin': 638, 'max_depth': 41, 'min_child_samples': 107, 'min_child_weight': 1, 'n_estimators': 88, 'num_leaves': 88, 'reg_alpha': 0.1611980387486336, 'reg_lambda': 4.3806965488564525e-05, 'scale_pos_weight': 0.0009365503147654213, 'subsample': 0.8391548832503206, 'subsample_for_bin': 344173, 'subsample_freq': 0}",1,0.5,0.5,0.5,0.020571559417284637,0.003525618887218386,0.0
4,0.4384167989095052,0.021846612294514973,0.5,0.8015579071911014,0.07517239253342656,574,37,181,7,71,67,1.5057560255472018e-06,0.08186810622382998,0.029004593634154585,0.8835665823899177,202222,3,"{'colsample_bytree': 0.8015579071911014, 'learning_rate': 0.07517239253342656, 'max_bin': 574, 'max_depth': 37, 'min_child_samples': 181, 'min_child_weight': 7, 'n_estimators': 71, 'num_leaves': 67, 'reg_alpha': 1.5057560255472018e-06, 'reg_lambda': 0.08186810622382998, 'scale_pos_weight': 0.029004593634154585, 'subsample': 0.8835665823899177, 'subsample_for_bin': 202222, 'subsample_freq': 3}",1,0.5,0.5,0.5,0.04377111549067155,0.0021880761092205017,0.0
5,0.49285395940144855,0.03549528121948242,0.9218885660027664,0.7366877378057127,0.7563790218678241,247,12,161,4,73,57,0.011683028450342707,0.0048879464985534336,0.13267482411031659,0.5689543694097536,108942,5,"{'colsample_bytree': 0.7366877378057127, 'learning_rate': 0.7563790218678241, 'max_bin': 247, 'max_depth': 12, 'min_child_samples': 161, 'min_child_weight': 4, 'n_estimators': 73, 'num_leaves': 57, 'reg_alpha': 0.011683028450342707, 'reg_lambda': 0.0048879464985534336, 'scale_pos_weight': 0.13267482411031659, 'subsample': 0.5689543694097536, 'subsample_for_bin': 108942, 'subsample_freq': 5}",1,0.9483506072631167,0.8960819678113153,0.9212323290646908,0.023719434652498782,0.0066481220869547535,0.02134368076253769
6,1.332671324412028,0.41730713844299316,0.9182987774781108,0.6209085649172932,0.35540927532494104,423,44,121,6,82,46,0.004026635957416632,0.040887904512512056,109.72255122430063,0.6612742297240571,344698,3,"{'colsample_bytree': 0.6209085649172932, 'learning_rate': 0.35540927532494104, 'max_bin': 423, 'max_depth': 44, 'min_child_samples': 121, 'min_child_weight': 6, 'n_estimators': 82, 'num_leaves': 46, 'reg_alpha': 0.004026635957416632, 'reg_lambda': 0.040887904512512056, 'scale_pos_weight': 109.72255122430063, 'subsample': 0.6612742297240571, 'subsample_for_bin': 344698, 'subsample_freq': 3}",1,0.9438216375147683,0.9089407527292553,0.9021331764968511,0.06049942614236447,0.03228925476228499,0.018260387053867653
7,0.3911290963490804,0.020168860753377277,0.5,0.5479690370134094,0.6918603669668356,547,42,69,1,79,9,2.9618722230360503e-06,8.153638964242,0.0015718563651880596,0.577028860872224,376134,1,"{'colsample_bytree': 0.5479690370134094, 'learning_rate': 0.6918603669668356, 'max_bin': 547, 'max_depth': 42, 'min_child_samples': 69, 'min_child_weight': 1, 'n_estimators': 79, 'num_leaves': 9, 'reg_alpha': 2.9618722230360503e-06, 'reg_lambda': 8.153638964242, 'scale_pos_weight': 0.0015718563651880596, 'subsample': 0.577028860872224, 'subsample_for_bin': 376134, 'subsample_freq': 1}",1,0.5,0.5,0.5,0.02590462652815817,0.0031975028576030195,0.0
8,0.7045327027638754,0.15273467699686685,0.9122824038757549,0.955923206446829,0.2519085390684862,884,23,80,2,50,41,0.00022356829889037284,1.2908532337409298e-07,4.73588486119117,0.4499578015509351,149866,2,"{'colsample_bytree': 0.955923206446829, 'learning_rate': 0.2519085390684862, 'max_bin': 884, 'max_depth': 23, 'min_child_samples': 80, 'min_child_weight': 2, 'n_estimators': 50, 'num_leaves': 41, 'reg_alpha': 0.00022356829889037284, 'reg_lambda': 1.2908532337409298e-07, 'scale_pos_weight': 4.73588486119117, 'subsample': 0.4499578015509351, 'subsample_for_bin': 149866, 'subsample_freq': 2}",1,0.9398660051276129,0.8922386869523781,0.9047416920309609,0.08539539593077591,0.017687752278393084,0.020161668352132206
9,0.24188772837320963,0.021210273106892902,0.5,0.013594004182195795,0.43217539671382244,767,15,118,3,66,21,0.11080071157037095,5.745523087821567,3.573713830065675,0.029649078936835577,194589,7,"{'colsample_bytree': 0.013594004182195795, 'learning_rate': 0.43217539671382244, 'max_bin': 767, 'max_depth': 15, 'min_child_samples': 118, 'min_child_weight': 3, 'n_estimators': 66, 'num_leaves': 21, 'reg_alpha': 0.11080071157037095, 'reg_lambda': 5.745523087821567, 'scale_pos_weight': 3.573713830065675, 'subsample': 0.029649078936835577, 'subsample_for_bin': 194589, 'subsample_freq': 7}",1,0.5,0.5,0.5,0.02533976139447645,0.003464434081497395,0.0
10,1.0907762845357258,0.19985421498616537,0.9420868137404091,0.8654211391503349,0.4628094696677846,926,31,166,7,84,15,0.02936958957214436,0.017992215265920028,0.46162349679089043,0.9519402190187437,488558,9,"{'colsample_bytree': 0.8654211391503349, 'learning_rate': 0.4628094696677846, 'max_bin': 926, 'max_depth': 31, 'min_child_samples': 166, 'min_child_weight': 7, 'n_estimators': 84, 'num_leaves': 15, 'reg_alpha': 0.02936958957214436, 'reg_lambda': 0.017992215265920028, 'scale_pos_weight': 0.46162349679089043, 'subsample': 0.9519402190187437, 'subsample_for_bin': 488558, 'subsample_freq': 9}",1,0.9509043968517319,0.9426510266636329,0.9327047531757241,0.08612989192588134,0.02333423199428795,0.00744069531179058
11,0.510160764058431,0.06483658154805501,0.8333098981880411,0.9857531468886301,0.033033226589795336,939,4,46,8,72,34,8.910584561502635e-06,1.0245120418783897e-08,0.001483089389144663,0.36560051754033507,366705,0,"{'colsample_bytree': 0.9857531468886301, 'learning_rate': 0.033033226589795336, 'max_bin': 939, 'max_depth': 4, 'min_child_samples': 46, 'min_child_weight': 8, 'n_estimators': 72, 'num_leaves': 34, 'reg_alpha': 8.910584561502635e-06, 'reg_lambda': 1.0245120418783897e-08, 'scale_pos_weight': 0.001483089389144663, 'subsample': 0.36560051754033507, 'subsample_for_bin': 366705, 'subsample_freq': 0}",1,0.8366499911165659,0.8242941285057462,0.8389854747380215,0.02845284034224437,0.006790861800978191,0.006445969828033393
12,1.08296537399292,0.24320371945699057,0.8914026916414494,0.675503407738872,0.5241852859513129,740,19,175,9,81,17,8.592431005079768e-07,4.5202877779538545e-07,435.5401891384282,0.6162716102734326,173805,5,"{'colsample_bytree': 0.675503407738872, 'learning_rate': 0.5241852859513129, 'max_bin': 740, 'max_depth': 19, 'min_child_samples': 175, 'min_child_weight': 9, 'n_estimators': 81, 'num_leaves': 17, 'reg_alpha': 8.592431005079768e-07, 'reg_lambda': 4.5202877779538545e-07, 'scale_pos_weight': 435.5401891384282, 'subsample': 0.6162716102734326, 'subsample_for_bin': 173805, 'subsample_freq': 5}",1,0.8878794636620099,0.8957656296283577,0.8905630873318766,0.023402826038205517,0.035996482610038544,0.0032738025561743645
13,0.6176497141520182,0.11328514417012532,0.8869441607143139,0.464978641477019,1.0,100,29,103,4,77,66,0.00958863513759844,0.014970641704356724,499.99999999999994,0.291854149204088,115149,1,"{'colsample_bytree': 0.464978641477019, 'learning_rate': 1.0, 'max_bin': 100, 'max_depth': 29, 'min_child_samples': 103, 'min_child_weight': 4, 'n_estimators': 77, 'num_leaves': 66, 'reg_alpha': 0.00958863513759844, 'reg_lambda': 0.014970641704356724, 'scale_pos_weight': 499.99999999999994, 'subsample': 0.291854149204088, 'subsample_for_bin': 115149, 'subsample_freq': 1}",1,0.8868959594346023,0.881189656948815,0.8927468672055774,0.06155259599901234,0.003134396249063756,0.0047183108475937745
14,1.0004044373830159,0.17801213264465332,0.9204523656298224,0.3114036285956248,1.0,210,50,103,8,92,8,1.2694610662928686e-05,6.561123187083535e-09,79.8540668685411,0.9838338945294656,461886,6,"{'colsample_bytree': 0.3114036285956248, 'learning_rate': 1.0, 'max_bin': 210, 'max_depth': 50, 'min_child_samples': 103, 'min_child_weight': 8, 'n_estimators': 92, 'num_leaves': 8, 'reg_alpha': 1.2694610662928686e-05, 'reg_lambda': 6.561123187083535e-09, 'scale_pos_weight': 79.8540668685411, 'subsample': 0.9838338945294656, 'subsample_for_bin': 461886, 'subsample_freq': 6}",1,0.928429835896349,0.9239143616998442,0.9090126599667724,0.1356756664823439,0.002270567401675296,0.008296428118517695
15,0.5310762723286947,0.04072984059651693,0.9333404122152998,0.9974036119301916,0.3246785562902887,857,32,188,8,84,14,0.012546162527370877,0.017266608564602767,0.05514844497027071,1.0,500000,10,"{'colsample_bytree': 0.9974036119301916, 'learning_rate': 0.3246785562902887, 'max_bin': 857, 'max_depth': 32, 'min_child_samples': 188, 'min_child_weight': 8, 'n_estimators': 84, 'num_leaves': 14, 'reg_alpha': 0.012546162527370877, 'reg_lambda': 0.017266608564602767, 'scale_pos_weight': 0.05514844497027071, 'subsample': 1.0, 'subsample_for_bin': 500000, 'subsample_freq': 10}",1,0.9491754222530814,0.9400218512142664,0.9108234881235001,0.05111153324592104,0.006644715703144365,0.016354413664872506
16,1.5943373839060466,0.3128020763397217,0.8772596590878152,0.938582580512835,0.18227548933393076,582,28,170,1,83,82,1.058984760649681e-05,4.6920368032352136e-08,499.99999999999994,0.6044028865428126,491382,10,"{'colsample_bytree': 0.938582580512835, 'learning_rate': 0.18227548933393076, 'max_bin': 582, 'max_depth': 28, 'min_child_samples': 170, 'min_child_weight': 1, 'n_estimators': 83, 'num_leaves': 82, 'reg_alpha': 1.058984760649681e-05, 'reg_lambda': 4.6920368032352136e-08, 'scale_pos_weight': 499.99999999999994, 'subsample': 0.6044028865428126, 'subsample_for_bin': 491382, 'subsample_freq': 10}",1,0.8762279304656448,0.8977610554694577,0.8577900222805113,0.16293251318923616,0.018133282740459965,0.01633432482539477
17,0.4638991355895996,0.02236064275105794,0.5,0.7997947382590407,0.01,465,50,80,6,70,59,0.19851994981495905,0.036303980733319745,1.0523294380244413e-06,0.9937252446969598,500000,6,"{'colsample_bytree': 0.7997947382590407, 'learning_rate': 0.01, 'max_bin': 465, 'max_depth': 50, 'min_child_samples': 80, 'min_child_weight': 6, 'n_estimators': 70, 'num_leaves': 59, 'reg_alpha': 0.19851994981495905, 'reg_lambda': 0.036303980733319745, 'scale_pos_weight': 1.0523294380244413e-06, 'subsample': 0.9937252446969598, 'subsample_for_bin': 500000, 'subsample_freq': 6}",1,0.5,0.5,0.5,0.04763536940879935,0.004270183474453461,0.0
18,0.4490651289621989,0.04444654782613119,0.6574759842511664,0.37995005479606103,1.0,979,36,6,3,98,16,0.0009352273367479388,1.9640809202975432e-07,198.08119975464678,0.119064683031819,189119,9,"{'colsample_bytree': 0.37995005479606103, 'learning_rate': 1.0, 'max_bin': 979, 'max_depth': 36, 'min_child_samples': 6, 'min_child_weight': 3, 'n_estimators': 98, 'num_leaves': 16, 'reg_alpha': 0.0009352273367479388, 'reg_lambda': 1.9640809202975432e-07, 'scale_pos_weight': 198.08119975464678, 'subsample': 0.119064683031819, 'subsample_for_bin': 189119, 'subsample_freq': 9}",1,0.7861596624611383,0.3227577820802872,0.863506647663122,0.027576806489598423,0.013216970972432109,0.2387768724903462
19,0.3981807231903076,0.04644020398457845,0.9057937936567215,0.03951933000103804,0.6248874828157004,426,10,159,7,54,19,1.1949665621765691e-06,8.441809493113317e-09,0.0230751968538042,0.7938416332964406,381048,0,"{'colsample_bytree': 0.03951933000103804, 'learning_rate': 0.6248874828157004, 'max_bin': 426, 'max_depth': 10, 'min_child_samples': 159, 'min_child_weight': 7, 'n_estimators': 54, 'num_leaves': 19, 'reg_alpha': 1.1949665621765691e-06, 'reg_lambda': 8.441809493113317e-09, 'scale_pos_weight': 0.0230751968538042, 'subsample': 0.7938416332964406, 'subsample_for_bin': 381048, 'subsample_freq': 0}",1,0.9211029798253786,0.9126839537389617,0.8835939881256466,0.01871446512385307,0.006578242847473821,0.01606939261546568
20,0.5014690558115641,0.03548105557759603,0.9253950427349099,0.6470740993274605,0.8626403880007736,663,50,155,3,90,56,1.1936737980086807e-06,4.116010831797753e-09,0.06152376681567316,0.5045432708949293,437594,4,"{'colsample_bytree': 0.6470740993274605, 'learning_rate': 0.8626403880007736, 'max_bin': 663, 'max_depth': 50, 'min_child_samples': 155, 'min_child_weight': 3, 'n_estimators': 90, 'num_leaves': 56, 'reg_alpha': 1.1936737980086807e-06, 'reg_lambda': 4.116010831797753e-09, 'scale_pos_weight': 0.06152376681567316, 'subsample': 0.5045432708949293, 'subsample_for_bin': 437594, 'subsample_freq': 4}",1,0.9530530280384375,0.9284225161952271,0.8947087542232086,0.02754757753033361,0.0049509508072257185,0.023915015090736635
21,0.885938803354899,0.18008669217427573,0.9277039365372404,0.8606578620648436,0.4673240376904333,289,50,115,8,93,98,0.010403687426211485,0.01188137493642007,0.7485638464997373,0.7320999024502944,130184,0,"{'colsample_bytree': 0.8606578620648436, 'learning_rate': 0.4673240376904333, 'max_bin': 289, 'max_depth': 50, 'min_child_samples': 115, 'min_child_weight': 8, 'n_estimators': 93, 'num_leaves': 98, 'reg_alpha': 0.010403687426211485, 'reg_lambda': 0.01188137493642007, 'scale_pos_weight': 0.7485638464997373, 'subsample': 0.7320999024502944, 'subsample_for_bin': 130184, 'subsample_freq': 0}",1,0.9394748177050795,0.9405743027144445,0.9030623360622309,0.04605826052155624,0.004631499955980696,0.01742989276595024
22,0.5032912890116373,0.10849380493164062,0.9243138067398753,0.7869260825168573,0.9681921328004026,293,43,84,10,57,7,1.0788485808323615e-05,1.0218960116960486e-09,43.44105974237743,1.0,150843,0,"{'colsample_bytree': 0.7869260825168573, 'learning_rate': 0.9681921328004026, 'max_bin': 293, 'max_depth': 43, 'min_child_samples': 84, 'min_child_weight': 10, 'n_estimators': 57, 'num_leaves': 7, 'reg_alpha': 1.0788485808323615e-05, 'reg_lambda': 1.0218960116960486e-09, 'scale_pos_weight': 43.44105974237743, 'subsample': 1.0, 'subsample_for_bin': 150843, 'subsample_freq': 0}",1,0.937769040204261,0.9208387174324608,0.9143332589218637,0.05438967098598195,0.013682885959794956,0.009878147464877458
23,1.2348912556966145,0.30613183975219727,0.9238066099868552,0.8403575881595824,0.10931967892305951,547,25,97,6,90,54,0.012887108006086896,2.3530502256200504e-09,197.08668259701346,0.39694239303832407,324376,0,"{'colsample_bytree': 0.8403575881595824, 'learning_rate': 0.10931967892305951, 'max_bin': 547, 'max_depth': 25, 'min_child_samples': 97, 'min_child_weight': 6, 'n_estimators': 90, 'num_leaves': 54, 'reg_alpha': 0.012887108006086896, 'reg_lambda': 2.3530502256200504e-09, 'scale_pos_weight': 197.08668259701346, 'subsample': 0.39694239303832407, 'subsample_for_bin': 324376, 'subsample_freq': 0}",1,0.9533925491976176,0.9175197154619879,0.9005066777139079,0.10610445170365049,0.018587782666712366,0.022043527909651695
24,0.6060605049133301,0.14203842480977377,0.8860229283672207,0.4459661695223954,0.8605780012262088,529,26,152,2,54,49,7.892472845223331e-05,1e-09,499.99999999999994,0.46578632615316995,201882,6,"{'colsample_bytree': 0.4459661695223954, 'learning_rate': 0.8605780012262088, 'max_bin': 529, 'max_depth': 26, 'min_child_samples': 152, 'min_child_weight': 2, 'n_estimators': 54, 'num_leaves': 49, 'reg_alpha': 7.892472845223331e-05, 'reg_lambda': 1e-09, 'scale_pos_weight': 499.99999999999994, 'subsample': 0.46578632615316995, 'subsample_for_bin': 201882, 'subsample_freq': 6}",1,0.9032630935755109,0.8816752991126433,0.8731298752033795,0.0650340319605217,0.014157360047650652,0.012680169420121618
25,0.3532586097717285,0.021152496337890625,0.5,0.878259384540973,0.01,566,18,51,4,60,73,1.0,1e-09,0.005119920707743204,0.6846643178475234,335400,6,"{'colsample_bytree': 0.878259384540973, 'learning_rate': 0.01, 'max_bin': 566, 'max_depth': 18, 'min_child_samples': 51, 'min_child_weight': 4, 'n_estimators': 60, 'num_leaves': 73, 'reg_alpha': 1.0, 'reg_lambda': 1e-09, 'scale_pos_weight': 0.005119920707743204, 'subsample': 0.6846643178475234, 'subsample_for_bin': 335400, 'subsample_freq': 6}",1,0.5,0.5,0.5,0.04194829264318204,0.0033056452347906954,0.0
26,0.33415913581848145,0.0215914249420166,0.5,0.18525999505783347,1.0,120,41,94,10,68,7,1e-09,3.9487914336001845e-07,4.060056495753028e-06,1.0,311510,2,"{'colsample_bytree': 0.18525999505783347, 'learning_rate': 1.0, 'max_bin': 120, 'max_depth': 41, 'min_child_samples': 94, 'min_child_weight': 10, 'n_estimators': 68, 'num_leaves': 7, 'reg_alpha': 1e-09, 'reg_lambda': 3.9487914336001845e-07, 'scale_pos_weight': 4.060056495753028e-06, 'subsample': 1.0, 'subsample_for_bin': 311510, 'subsample_freq': 2}",1,0.5,0.5,0.5,0.034367210664577076,0.0036752291789751705,0.0
27,0.43727993965148926,0.02228546142578125,0.5,1.0,0.23542002571190862,100,50,82,9,100,100,0.013235649653604811,0.0002110790718181789,1.9933531738712703e-05,1.0,100000,0,"{'colsample_bytree': 1.0, 'learning_rate': 0.23542002571190862, 'max_bin': 100, 'max_depth': 50, 'min_child_samples': 82, 'min_child_weight': 9, 'n_estimators': 100, 'num_leaves': 100, 'reg_alpha': 0.013235649653604811, 'reg_lambda': 0.0002110790718181789, 'scale_pos_weight': 1.9933531738712703e-05, 'subsample': 1.0, 'subsample_for_bin': 100000, 'subsample_freq': 0}",1,0.5,0.5,0.5,0.032807252895488866,0.0018729151218821643,0.0
28,0.49614675839742023,0.06839267412821452,0.9362765103484476,1.0,0.13774707186932258,670,26,72,10,50,7,0.0016996616037008696,6.665840337469089e-09,0.1596590694792377,0.6612411698348137,100000,0,"{'colsample_bytree': 1.0, 'learning_rate': 0.13774707186932258, 'max_bin': 670, 'max_depth': 26, 'min_child_samples': 72, 'min_child_weight': 10, 'n_estimators': 50, 'num_leaves': 7, 'reg_alpha': 0.0016996616037008696, 'reg_lambda': 6.665840337469089e-09, 'scale_pos_weight': 0.1596590694792377, 'subsample': 0.6612411698348137, 'subsample_for_bin': 100000, 'subsample_freq': 0}",1,0.9527867886201365,0.9275582877920829,0.928483959319822,0.07176049442293034,0.009752289107384885,0.011680819451246497
29,0.6070361932118734,0.11600414911905925,0.9501210090401463,1.0,0.14423644035943392,248,30,31,10,63,7,0.0014217988994022891,1.5563140124006058e-09,499.99999999999994,0.9117453239252502,115005,0,"{'colsample_bytree': 1.0, 'learning_rate': 0.14423644035943392, 'max_bin': 248, 'max_depth': 30, 'min_child_samples': 31, 'min_child_weight': 10, 'n_estimators': 63, 'num_leaves': 7, 'reg_alpha': 0.0014217988994022891, 'reg_lambda': 1.5563140124006058e-09, 'scale_pos_weight': 499.99999999999994, 'subsample': 0.9117453239252502, 'subsample_for_bin': 115005, 'subsample_freq': 0}",1,0.9608556882183521,0.951591940379241,0.9379150764792499,0.07464414059393949,0.0037656054718772525,0.009423066714662517
30,1.1987073421478271,0.4129062493642171,0.926492710746481,0.01,0.10812450045067638,831,5,170,0,98,48,0.0005197084994043166,1e-09,85.58513555176643,0.039332514573602824,500000,0,"{'colsample_bytree': 0.01, 'learning_rate': 0.10812450045067638, 'max_bin': 831, 'max_depth': 5, 'min_child_samples': 170, 'min_child_weight': 0, 'n_estimators': 98, 'num_leaves': 48, 'reg_alpha': 0.0005197084994043166, 'reg_lambda': 1e-09, 'scale_pos_weight': 85.58513555176643, 'subsample': 0.039332514573602824, 'subsample_for_bin': 500000, 'subsample_freq': 0}",1,0.9301424670851633,0.9388037211458793,0.9105318345146154,0.04195251367114158,0.02684350335907594,0.011826911005326407
31,0.4305276870727539,0.07351215680440266,0.9155842991547632,0.01,0.19135899330700926,360,3,28,7,50,47,0.0038652213509299447,1.2666771682536673e-09,0.28878201693275124,1.0,500000,0,"{'colsample_bytree': 0.01, 'learning_rate': 0.19135899330700926, 'max_bin': 360, 'max_depth': 3, 'min_child_samples': 28, 'min_child_weight': 7, 'n_estimators': 50, 'num_leaves': 47, 'reg_alpha': 0.0038652213509299447, 'reg_lambda': 1.2666771682536673e-09, 'scale_pos_weight': 0.28878201693275124, 'subsample': 1.0, 'subsample_for_bin': 500000, 'subsample_freq': 0}",1,0.9310147306843303,0.9013210003477307,0.9144167035146541,0.047144830599829594,0.0049342413482432596,0.012150526786121588
32,0.9425262610117594,0.13336475690205893,0.9409403394381242,1.0,0.16173999853742432,627,48,53,6,93,31,0.00034497745480740105,2.5803129430884546e-09,0.2540963646124537,0.6276933271134086,390283,2,"{'colsample_bytree': 1.0, 'learning_rate': 0.16173999853742432, 'max_bin': 627, 'max_depth': 48, 'min_child_samples': 53, 'min_child_weight': 6, 'n_estimators': 93, 'num_leaves': 31, 'reg_alpha': 0.00034497745480740105, 'reg_lambda': 2.5803129430884546e-09, 'scale_pos_weight': 0.2540963646124537, 'subsample': 0.6276933271134086, 'subsample_for_bin': 390283, 'subsample_freq': 2}",1,0.9603854197804816,0.9368488102035297,0.9255862049721172,0.03852314429689451,0.016824626843428423,0.014498347532516997
33,0.5820343494415283,0.11100443204243977,0.9519376940575155,1.0,0.1926341304987228,290,42,86,9,50,21,5.915827646533674e-05,1.8020221394450478e-08,1.759750496491985,1.0,159993,0,"{'colsample_bytree': 1.0, 'learning_rate': 0.1926341304987228, 'max_bin': 290, 'max_depth': 42, 'min_child_samples': 86, 'min_child_weight': 9, 'n_estimators': 50, 'num_leaves': 21, 'reg_alpha': 5.915827646533674e-05, 'reg_lambda': 1.8020221394450478e-08, 'scale_pos_weight': 1.759750496491985, 'subsample': 1.0, 'subsample_for_bin': 159993, 'subsample_freq': 0}",1,0.9621547256969543,0.9454615800703188,0.948196469891259,0.08078480677168236,0.008945306637120256,0.007310405245156684
34,0.7766988277435303,0.17077239354451498,0.9404338267495376,0.7527105787923057,0.1943822388901677,571,50,93,8,53,24,0.00017322712521003925,1.2363133625501228e-08,499.99999999999994,0.9600058847650539,100000,0,"{'colsample_bytree': 0.7527105787923057, 'learning_rate': 0.1943822388901677, 'max_bin': 571, 'max_depth': 50, 'min_child_samples': 93, 'min_child_weight': 8, 'n_estimators': 53, 'num_leaves': 24, 'reg_alpha': 0.00017322712521003925, 'reg_lambda': 1.2363133625501228e-08, 'scale_pos_weight': 499.99999999999994, 'subsample': 0.9600058847650539, 'subsample_for_bin': 100000, 'subsample_freq': 0}",1,0.953724162255264,0.9445879607966033,0.9229889584826929,0.06575581585521796,0.02599265041988108,0.012886861438963067
35,0.31564704577128094,0.023358901341756184,0.5,0.16263795532365474,0.21965820301320008,405,47,11,3,62,80,7.084032726843686e-05,3.3321876349312965e-08,1e-06,0.2858510052417247,100000,0,"{'colsample_bytree': 0.16263795532365474, 'learning_rate': 0.21965820301320008, 'max_bin': 405, 'max_depth': 47, 'min_child_samples': 11, 'min_child_weight': 3, 'n_estimators': 62, 'num_leaves': 80, 'reg_alpha': 7.084032726843686e-05, 'reg_lambda': 3.3321876349312965e-08, 'scale_pos_weight': 1e-06, 'subsample': 0.2858510052417247, 'subsample_for_bin': 100000, 'subsample_freq': 0}",1,0.5,0.5,0.5,0.03468469664647861,0.007207289135473455,0.0
36,0.9715820153554281,0.18244759241739908,0.9310881177571203,1.0,0.30329133788153084,820,35,144,6,84,49,0.007200224726926224,0.014127071077716352,1.4363435256310573,0.6811234635091928,500000,8,"{'colsample_bytree': 1.0, 'learning_rate': 0.30329133788153084, 'max_bin': 820, 'max_depth': 35, 'min_child_samples': 144, 'min_child_weight': 6, 'n_estimators': 84, 'num_leaves': 49, 'reg_alpha': 0.007200224726926224, 'reg_lambda': 0.014127071077716352, 'scale_pos_weight': 1.4363435256310573, 'subsample': 0.6811234635091928, 'subsample_for_bin': 500000, 'subsample_freq': 8}",1,0.9568410086730785,0.9284858374939362,0.9079367345098932,0.08059908074477566,0.015611295122641226,0.020049751752420866
37,0.6279603640238444,0.11316990852355957,0.9400418125304225,1.0,0.1641911961217558,357,38,26,10,50,28,1.8551987127348678e-06,2.134230537183773e-08,196.3539698527639,1.0,142033,0,"{'colsample_bytree': 1.0, 'learning_rate': 0.1641911961217558, 'max_bin': 357, 'max_depth': 38, 'min_child_samples': 26, 'min_child_weight': 10, 'n_estimators': 50, 'num_leaves': 28, 'reg_alpha': 1.8551987127348678e-06, 'reg_lambda': 2.134230537183773e-08, 'scale_pos_weight': 196.3539698527639, 'subsample': 1.0, 'subsample_for_bin': 142033, 'subsample_freq': 0}",1,0.9542837922404653,0.9446858941611322,0.9211553239260063,0.09912709981075292,0.005379159301096985,0.013917629181113807
38,0.5984748204549154,0.13647246360778809,0.9099157073981344,0.9473010086543464,1.0,667,6,33,8,50,40,6.958716773808021e-08,7.028039989906651e-09,84.17994240734498,1.0,462535,10,"{'colsample_bytree': 0.9473010086543464, 'learning_rate': 1.0, 'max_bin': 667, 'max_depth': 6, 'min_child_samples': 33, 'min_child_weight': 8, 'n_estimators': 50, 'num_leaves': 40, 'reg_alpha': 6.958716773808021e-08, 'reg_lambda': 7.028039989906651e-09, 'scale_pos_weight': 84.17994240734498, 'subsample': 1.0, 'subsample_for_bin': 462535, 'subsample_freq': 10}",1,0.933009944701282,0.9315121126131735,0.8652243720459004,0.06015992027694629,0.00468095842430012,0.03160722491280695
39,0.597098191579183,0.1424717903137207,0.9357330879062025,0.5744913300923981,0.3998833922812299,196,18,14,10,50,35,0.0006046617033050626,4.012871649477093e-09,3.2009393027945277,0.9612643224862392,333081,0,"{'colsample_bytree': 0.5744913300923981, 'learning_rate': 0.3998833922812299, 'max_bin': 196, 'max_depth': 18, 'min_child_samples': 14, 'min_child_weight': 10, 'n_estimators': 50, 'num_leaves': 35, 'reg_alpha': 0.0006046617033050626, 'reg_lambda': 4.012871649477093e-09, 'scale_pos_weight': 3.2009393027945277, 'subsample': 0.9612643224862392, 'subsample_for_bin': 333081, 'subsample_freq': 0}",1,0.9482280316893444,0.9480856576185182,0.9108851995586827,0.07903520492268733,0.007012300893841517,0.01757007471440544
40,0.6930356820424398,0.1874079704284668,0.9499682199065859,0.8223476474836332,0.16049679621940788,528,15,169,8,65,11,1e-09,1000.0,499.99999999999994,0.6093214138778714,435972,0,"{'colsample_bytree': 0.8223476474836332, 'learning_rate': 0.16049679621940788, 'max_bin': 528, 'max_depth': 15, 'min_child_samples': 169, 'min_child_weight': 8, 'n_estimators': 65, 'num_leaves': 11, 'reg_alpha': 1e-09, 'reg_lambda': 1000.0, 'scale_pos_weight': 499.99999999999994, 'subsample': 0.6093214138778714, 'subsample_for_bin': 435972, 'subsample_freq': 0}",1,0.956978082432996,0.9493636209479736,0.943562746040809,0.1052806353020475,0.017103082472780497,0.0054934620775419106
41,0.5943602720896403,0.1208498477935791,0.9414483838994762,1.0,0.34086952566553874,1000,43,200,0,50,20,2.1214676444231874e-05,7.315924545580017e-08,2.003504127604858,1.0,132750,0,"{'colsample_bytree': 1.0, 'learning_rate': 0.34086952566553874, 'max_bin': 1000, 'max_depth': 43, 'min_child_samples': 200, 'min_child_weight': 0, 'n_estimators': 50, 'num_leaves': 20, 'reg_alpha': 2.1214676444231874e-05, 'reg_lambda': 7.315924545580017e-08, 'scale_pos_weight': 2.003504127604858, 'subsample': 1.0, 'subsample_for_bin': 132750, 'subsample_freq': 0}",1,0.9506094246645251,0.9466078029011886,0.9271276492987435,0.08241852529155363,0.008185750235889922,0.010257145043036452
42,0.5863087972005209,0.0928209622701009,0.93436093577055,1.0,0.17095607828780138,812,23,29,10,50,24,7.981994417228291e-05,3.2157511047516883e-09,0.1672001459219996,0.8157935814165406,149770,0,"{'colsample_bytree': 1.0, 'learning_rate': 0.17095607828780138, 'max_bin': 812, 'max_depth': 23, 'min_child_samples': 29, 'min_child_weight': 10, 'n_estimators': 50, 'num_leaves': 24, 'reg_alpha': 7.981994417228291e-05, 'reg_lambda': 3.2157511047516883e-09, 'scale_pos_weight': 0.1672001459219996, 'subsample': 0.8157935814165406, 'subsample_for_bin': 149770, 'subsample_freq': 0}",1,0.9618381380322217,0.9203474407462897,0.9208964042088272,0.08031132485399638,0.009677253824582887,0.019430899964719143
43,0.6042008399963379,0.0801703929901123,0.9495420563196351,1.0,0.04443983704055307,449,50,32,10,58,7,0.00028047628740859713,4.99731041764504e-09,313.4687954358154,1.0,100000,0,"{'colsample_bytree': 1.0, 'learning_rate': 0.04443983704055307, 'max_bin': 449, 'max_depth': 50, 'min_child_samples': 32, 'min_child_weight': 10, 'n_estimators': 58, 'num_leaves': 7, 'reg_alpha': 0.00028047628740859713, 'reg_lambda': 4.99731041764504e-09, 'scale_pos_weight': 313.4687954358154, 'subsample': 1.0, 'subsample_for_bin': 100000, 'subsample_freq': 0}",1,0.9579565781960988,0.9512256964269616,0.9394436418976642,0.056787404646184134,0.007137890538793796,0.007651081932549261
44,0.3724377155303955,0.09354813893636067,0.9337639297422984,0.17325811883944345,0.05371339908677998,273,41,12,9,50,55,1e-09,1000.0,499.99999999999994,0.19979769323668875,327427,9,"{'colsample_bytree': 0.17325811883944345, 'learning_rate': 0.05371339908677998, 'max_bin': 273, 'max_depth': 41, 'min_child_samples': 12, 'min_child_weight': 9, 'n_estimators': 50, 'num_leaves': 55, 'reg_alpha': 1e-09, 'reg_lambda': 1000.0, 'scale_pos_weight': 499.99999999999994, 'subsample': 0.19979769323668875, 'subsample_for_bin': 327427, 'subsample_freq': 9}",1,0.9495452578014739,0.9224204083472497,0.9293256496335951,0.02241152672999482,0.010303758246670675,0.011509816397938851
45,0.6972396373748779,0.09739208221435547,0.9263200031499192,0.9575914657277209,0.01882889701033224,100,50,116,9,73,10,0.00020241584457071537,3.500464273753408e-08,0.7430130743808585,0.5671096260978339,175479,0,"{'colsample_bytree': 0.9575914657277209, 'learning_rate': 0.01882889701033224, 'max_bin': 100, 'max_depth': 50, 'min_child_samples': 116, 'min_child_weight': 9, 'n_estimators': 73, 'num_leaves': 10, 'reg_alpha': 0.00020241584457071537, 'reg_lambda': 3.500464273753408e-08, 'scale_pos_weight': 0.7430130743808585, 'subsample': 0.5671096260978339, 'subsample_for_bin': 175479, 'subsample_freq': 0}",1,0.954886916784102,0.919167947402539,0.9049042882471378,0.05030305966248636,0.018151870422890837,0.021022722027347267
46,0.839755137761434,0.18323834737141928,0.9348785489049802,1.0,1.0,1000,3,200,6,100,7,1e-09,1000.0,499.99999999999994,1.0,500000,0,"{'colsample_bytree': 1.0, 'learning_rate': 1.0, 'max_bin': 1000, 'max_depth': 3, 'min_child_samples': 200, 'min_child_weight': 6, 'n_estimators': 100, 'num_leaves': 7, 'reg_alpha': 1e-09, 'reg_lambda': 1000.0, 'scale_pos_weight': 499.99999999999994, 'subsample': 1.0, 'subsample_for_bin': 500000, 'subsample_freq': 0}",1,0.9425502783915343,0.9340540871215212,0.9280310510476992,0.027894401697486065,0.016239675667454774,0.005956064105367459
47,1.206330140431722,0.1578834056854248,0.9107381074510755,1.0,0.01,482,46,37,10,100,41,6.245474174319317e-07,1e-09,1.041238272470285,1.0,302898,0,"{'colsample_bytree': 1.0, 'learning_rate': 0.01, 'max_bin': 482, 'max_depth': 46, 'min_child_samples': 37, 'min_child_weight': 10, 'n_estimators': 100, 'num_leaves': 41, 'reg_alpha': 6.245474174319317e-07, 'reg_lambda': 1e-09, 'scale_pos_weight': 1.041238272470285, 'subsample': 1.0, 'subsample_for_bin': 302898, 'subsample_freq': 0}",1,0.925659100722326,0.9238800179446123,0.8826747560520136,0.12741908423645773,0.004157781963248844,0.019856924849816975
48,0.30042394002278644,0.05910245577494303,0.7268677399592904,1.0,0.27551835624069615,1000,18,200,0,50,44,5.768423950312084e-06,1.977845953270736e-08,6.46076214359575,0.01,354409,2,"{'colsample_bytree': 1.0, 'learning_rate': 0.27551835624069615, 'max_bin': 1000, 'max_depth': 18, 'min_child_samples': 200, 'min_child_weight': 0, 'n_estimators': 50, 'num_leaves': 44, 'reg_alpha': 5.768423950312084e-06, 'reg_lambda': 1.977845953270736e-08, 'scale_pos_weight': 6.46076214359575, 'subsample': 0.01, 'subsample_for_bin': 354409, 'subsample_freq': 2}",1,0.87914312029435,0.8014555312764285,0.5,0.08614121251807501,0.027479974232805883,0.16352369342771186
49,0.812255859375,0.14717205365498862,0.943842580340098,0.8768832511322141,0.14357084028232914,722,23,68,5,57,53,0.0001899572379197501,8.67441323306874e-08,3.3800871691824605,1.0,199423,6,"{'colsample_bytree': 0.8768832511322141, 'learning_rate': 0.14357084028232914, 'max_bin': 722, 'max_depth': 23, 'min_child_samples': 68, 'min_child_weight': 5, 'n_estimators': 57, 'num_leaves': 53, 'reg_alpha': 0.0001899572379197501, 'reg_lambda': 8.67441323306874e-08, 'scale_pos_weight': 3.3800871691824605, 'subsample': 1.0, 'subsample_for_bin': 199423, 'subsample_freq': 6}",1,0.9481268079897132,0.9448063656150322,0.9385944388874341,0.09129513997191387,0.0034235140380137427,0.003950804124500039
